{
	"editor": {
		"collapsedPaths": "Root/Base Block/Stones",
		"allAngles": false,
		"entityTextureMode": false
	},
	"textureWidth": 16,
	"textureHeight": 16,
	"textureSizes": {
		"waterportiontransparent": [12,12],
		"stoney1": [16,16],
		"ground": [16,16]
	},
	"textures": {
	},
	"elements": [
		{
			"name": "Base Block",
			"from": [ 0.0, 0.0, 0.0 ],
			"to": [ 16.0, 16.0, 16.0 ],
			"rotationOrigin": [ 8.0, 16.0, 8.0 ],
			"faces": {
				"north": { "texture": "#ground", "uv": [ 0.0, 0.0, 16.0, 16.0 ] },
				"east": { "texture": "#ground", "uv": [ 0.0, 0.0, 16.0, 16.0 ] },
				"south": { "texture": "#ground", "uv": [ 0.0, 0.0, 16.0, 16.0 ] },
				"west": { "texture": "#ground", "uv": [ 0.0, 0.0, 16.0, 16.0 ] },
				"down": { "texture": "#ground", "uv": [ 0.0, 0.0, 16.0, 16.0 ] }
			},
			"children": [
				{
					"name": "Water",
					"from": [ 0.0, 16.0, 0.0 ],
					"to": [ 16.0, 16.0, 16.0 ],
					"renderPass": 3,
					"rotationOrigin": [ 8.0, 16.0, 0.0 ],
					"faces": {
						"up": { "texture": "#waterportiontransparent", "uv": [ 0.0, 0.0, 12.0, 12.0 ], "autoUv": false }
					}
				},
				{
					"name": "Gravel",
					"from": [ 1.0, 15.3, 1.0 ],
					"to": [ 15.0, 15.3, 15.0 ],
					"rotationOrigin": [ 9.0, 15.3, 1.0 ],
					"faces": {
						"up": { "texture": "#stoney1", "uv": [ 0.0, 0.0, 16.0, 16.0 ], "autoUv": false }
					}
				},
				{
					"name": "Stones",
					"from": [ 0.0, 0.0, 0.0 ],
					"to": [ 0.0, 0.0, 0.0 ],
					"faces": {
						"north": { "texture": "#ground", "uv": [ 0.0, 0.0, 0.5, 0.5 ] },
						"east": { "texture": "#ground", "uv": [ 0.0, 0.0, 0.5, 0.5 ] },
						"south": { "texture": "#ground", "uv": [ 0.0, 0.0, 0.5, 0.5 ] },
						"west": { "texture": "#ground", "uv": [ 0.0, 0.0, 0.5, 0.5 ] },
						"up": { "texture": "#ground", "uv": [ 0.0, 0.0, 0.5, 0.5 ] },
						"down": { "texture": "#ground", "uv": [ 0.0, 0.0, 0.5, 0.5 ] }
					},
					"children": [
						{
							"name": "Stone20",
							"from": [ 12.0, 15.0, 6.0 ],
							"to": [ 14.0, 18.0, 9.0 ],
							"rotationOrigin": [ 14.0, 16.0, 8.0 ],
							"rotationZ": 22.5,
							"faces": {
								"north": { "texture": "#ground", "uv": [ 0.0, 0.0, 2.0, 3.0 ] },
								"east": { "texture": "#ground", "uv": [ 0.0, 0.0, 3.0, 3.0 ] },
								"south": { "texture": "#ground", "uv": [ 0.0, 0.0, 2.0, 3.0 ] },
								"west": { "texture": "#ground", "uv": [ 0.0, 0.0, 3.0, 3.0 ] },
								"up": { "texture": "#ground", "uv": [ 0.0, 0.0, 2.0, 3.0 ] },
								"down": { "texture": "#ground", "uv": [ 0.0, 0.0, 4.0, 3.0 ], "autoUv": false }
							}
						},
						{
							"name": "Stone19",
							"from": [ 4.0, 15.0, 15.5 ],
							"to": [ 7.0, 18.5, 16.5 ],
							"rotationOrigin": [ 6.0, 16.0, 17.0 ],
							"rotationX": -8.0,
							"rotationY": -22.5,
							"rotationZ": 22.5,
							"faces": {
								"north": { "texture": "#ground", "uv": [ 0.0, 0.0, 3.0, 3.5 ] },
								"east": { "texture": "#ground", "uv": [ 0.0, 0.0, 1.0, 3.5 ] },
								"south": { "texture": "#ground", "uv": [ 0.0, 0.0, 3.0, 3.5 ] },
								"west": { "texture": "#ground", "uv": [ 0.0, 0.0, 1.0, 3.5 ] },
								"up": { "texture": "#ground", "uv": [ 0.0, 0.0, 3.0, 1.0 ] },
								"down": { "texture": "#ground", "uv": [ 0.0, 0.0, 4.0, 3.0 ], "autoUv": false }
							}
						},
						{
							"name": "Stone18",
							"from": [ 6.0, 14.0, 0.5 ],
							"to": [ 9.0, 19.0, 2.5 ],
							"rotationOrigin": [ 8.0, 15.0, 2.0 ],
							"rotationX": -22.5,
							"faces": {
								"north": { "texture": "#ground", "uv": [ 0.0, 0.0, 3.0, 5.0 ] },
								"east": { "texture": "#ground", "uv": [ 0.0, 0.0, 2.0, 5.0 ] },
								"south": { "texture": "#ground", "uv": [ 0.0, 0.0, 3.0, 5.0 ] },
								"west": { "texture": "#ground", "uv": [ 0.0, 0.0, 2.0, 5.0 ] },
								"up": { "texture": "#ground", "uv": [ 0.0, 0.0, 3.0, 2.0 ] },
								"down": { "texture": "#ground", "uv": [ 0.0, 0.0, 4.0, 3.0 ], "autoUv": false }
							}
						},
						{
							"name": "Stone17",
							"from": [ 3.0, 15.0, 1.0 ],
							"to": [ 5.0, 17.0, 3.0 ],
							"rotationOrigin": [ 5.0, 16.0, 3.0 ],
							"rotationY": 67.5,
							"rotationZ": 22.5,
							"faces": {
								"north": { "texture": "#ground", "uv": [ 0.0, 0.0, 2.0, 2.0 ] },
								"east": { "texture": "#ground", "uv": [ 0.0, 0.0, 2.0, 2.0 ] },
								"south": { "texture": "#ground", "uv": [ 0.0, 0.0, 2.0, 2.0 ] },
								"west": { "texture": "#ground", "uv": [ 0.0, 0.0, 2.0, 2.0 ] },
								"up": { "texture": "#ground", "uv": [ 0.0, 0.0, 2.0, 2.0 ] },
								"down": { "texture": "#ground", "uv": [ 0.0, 0.0, 4.0, 3.0 ], "autoUv": false }
							}
						},
						{
							"name": "Stone16",
							"from": [ 9.4, 15.5, -1.4 ],
							"to": [ 12.4, 17.5, 2.6 ],
							"rotationOrigin": [ 10.9, 16.5, 0.6 ],
							"rotationX": -180.0,
							"rotationY": -67.5,
							"rotationZ": -180.0,
							"faces": {
								"north": { "texture": "#ground", "uv": [ 0.0, 0.0, 3.0, 2.0 ] },
								"east": { "texture": "#ground", "uv": [ 0.0, 0.0, 4.0, 2.0 ] },
								"south": { "texture": "#ground", "uv": [ 0.0, 0.0, 3.0, 2.0 ] },
								"west": { "texture": "#ground", "uv": [ 0.0, 0.0, 4.0, 2.0 ] },
								"up": { "texture": "#ground", "uv": [ 0.0, 0.0, 3.0, 4.0 ] },
								"down": { "texture": "#ground", "uv": [ 0.0, 0.0, 4.0, 3.0 ], "autoUv": false }
							}
						},
						{
							"name": "Stone15",
							"from": [ 12.0, 16.0, 0.0 ],
							"to": [ 16.0, 18.0, 3.0 ],
							"rotationOrigin": [ 14.0, 17.0, 2.0 ],
							"rotationY": 45.0,
							"rotationZ": -22.5,
							"faces": {
								"north": { "texture": "#ground", "uv": [ 0.0, 0.0, 4.0, 2.0 ] },
								"east": { "texture": "#ground", "uv": [ 0.0, 0.0, 3.0, 2.0 ] },
								"south": { "texture": "#ground", "uv": [ 0.0, 0.0, 4.0, 2.0 ] },
								"west": { "texture": "#ground", "uv": [ 0.0, 0.0, 3.0, 2.0 ] },
								"up": { "texture": "#ground", "uv": [ 0.0, 0.0, 4.0, 3.0 ] },
								"down": { "texture": "#ground", "uv": [ 0.0, 0.0, 4.0, 3.0 ], "autoUv": false }
							}
						},
						{
							"name": "Stone14",
							"from": [ 12.06, 15.62, 3.0 ],
							"to": [ 17.06, 17.62, 7.0 ],
							"rotationOrigin": [ 15.0, 16.0, 5.0 ],
							"rotationX": -172.875,
							"rotationY": 90.0,
							"rotationZ": -172.875,
							"faces": {
								"north": { "texture": "#ground", "uv": [ 0.0, 0.0, 5.0, 2.0 ] },
								"east": { "texture": "#ground", "uv": [ 0.0, 0.0, 4.0, 2.0 ] },
								"south": { "texture": "#ground", "uv": [ 0.0, 0.0, 5.0, 2.0 ] },
								"west": { "texture": "#ground", "uv": [ 0.0, 0.0, 4.0, 2.0 ] },
								"up": { "texture": "#ground", "uv": [ 0.0, 0.0, 5.0, 4.0 ] },
								"down": { "texture": "#ground", "uv": [ 0.0, 0.0, 4.0, 3.0 ], "autoUv": false }
							}
						},
						{
							"name": "Stone13",
							"from": [ 14.2, 15.0, 6.0 ],
							"to": [ 16.2, 19.0, 9.0 ],
							"rotationOrigin": [ 16.2, 16.0, 8.0 ],
							"rotationZ": 8.0,
							"faces": {
								"north": { "texture": "#ground", "uv": [ 0.0, 0.0, 2.0, 4.0 ] },
								"east": { "texture": "#ground", "uv": [ 0.0, 0.0, 3.0, 4.0 ] },
								"south": { "texture": "#ground", "uv": [ 0.0, 0.0, 2.0, 4.0 ] },
								"west": { "texture": "#ground", "uv": [ 0.0, 0.0, 3.0, 4.0 ] },
								"up": { "texture": "#ground", "uv": [ 0.0, 0.0, 2.0, 3.0 ] },
								"down": { "texture": "#ground", "uv": [ 0.0, 0.0, 4.0, 3.0 ], "autoUv": false }
							}
						},
						{
							"name": "Stone12",
							"from": [ 13.0, 15.0, 9.0 ],
							"to": [ 17.0, 18.0, 13.0 ],
							"rotationOrigin": [ 15.0, 15.0, 11.0 ],
							"rotationX": -22.5,
							"rotationY": -22.5,
							"rotationZ": 45.0,
							"faces": {
								"north": { "texture": "#ground", "uv": [ 0.0, 0.0, 4.0, 3.0 ] },
								"east": { "texture": "#ground", "uv": [ 0.0, 0.0, 4.0, 3.0 ] },
								"south": { "texture": "#ground", "uv": [ 0.0, 0.0, 4.0, 3.0 ] },
								"west": { "texture": "#ground", "uv": [ 0.0, 0.0, 4.0, 3.0 ] },
								"up": { "texture": "#ground", "uv": [ 0.0, 0.0, 4.0, 4.0 ] },
								"down": { "texture": "#ground", "uv": [ 0.0, 0.0, 4.0, 3.0 ], "autoUv": false }
							}
						},
						{
							"name": "Stone11",
							"from": [ 12.0, 15.0, 13.5 ],
							"to": [ 15.0, 18.0, 16.5 ],
							"rotationOrigin": [ 14.0, 16.0, 16.0 ],
							"rotationY": 45.0,
							"faces": {
								"north": { "texture": "#ground", "uv": [ 0.0, 0.0, 3.0, 3.0 ] },
								"east": { "texture": "#ground", "uv": [ 0.0, 0.0, 3.0, 3.0 ] },
								"south": { "texture": "#ground", "uv": [ 0.0, 0.0, 3.0, 3.0 ] },
								"west": { "texture": "#ground", "uv": [ 0.0, 0.0, 3.0, 3.0 ] },
								"up": { "texture": "#ground", "uv": [ 0.0, 0.0, 3.0, 3.0 ] },
								"down": { "texture": "#ground", "uv": [ 0.0, 0.0, 4.0, 3.0 ], "autoUv": false }
							}
						},
						{
							"name": "Stone10",
							"from": [ 9.0, 14.5, 13.0 ],
							"to": [ 13.0, 17.5, 16.0 ],
							"rotationOrigin": [ 11.0, 16.0, 15.0 ],
							"rotationX": 22.5,
							"rotationY": -45.0,
							"rotationZ": 10.0,
							"faces": {
								"north": { "texture": "#ground", "uv": [ 0.0, 0.0, 4.0, 3.0 ] },
								"east": { "texture": "#ground", "uv": [ 0.0, 0.0, 3.0, 3.0 ] },
								"south": { "texture": "#ground", "uv": [ 0.0, 0.0, 4.0, 3.0 ] },
								"west": { "texture": "#ground", "uv": [ 0.0, 0.0, 3.0, 3.0 ] },
								"up": { "texture": "#ground", "uv": [ 0.0, 0.0, 4.0, 3.0 ] },
								"down": { "texture": "#ground", "uv": [ 0.0, 0.0, 4.0, 3.0 ], "autoUv": false }
							}
						},
						{
							"name": "Stone9",
							"from": [ 7.0, 14.0, 15.0 ],
							"to": [ 10.0, 18.0, 17.0 ],
							"rotationOrigin": [ 9.0, 15.0, 17.0 ],
							"rotationX": -22.5,
							"rotationY": 12.0,
							"faces": {
								"north": { "texture": "#ground", "uv": [ 0.0, 0.0, 3.0, 4.0 ] },
								"east": { "texture": "#ground", "uv": [ 0.0, 0.0, 2.0, 4.0 ] },
								"south": { "texture": "#ground", "uv": [ 0.0, 0.0, 3.0, 4.0 ] },
								"west": { "texture": "#ground", "uv": [ 0.0, 0.0, 2.0, 4.0 ] },
								"up": { "texture": "#ground", "uv": [ 0.0, 0.0, 3.0, 2.0 ] },
								"down": { "texture": "#ground", "uv": [ 0.0, 0.0, 4.0, 3.0 ], "autoUv": false }
							}
						},
						{
							"name": "Stone8",
							"from": [ 5.0, 14.0, 14.5 ],
							"to": [ 8.0, 18.5, 16.5 ],
							"rotationOrigin": [ 7.0, 15.0, 16.0 ],
							"rotationX": -22.5,
							"rotationY": -22.5,
							"rotationZ": 22.5,
							"faces": {
								"north": { "texture": "#ground", "uv": [ 0.0, 0.0, 3.0, 4.5 ] },
								"east": { "texture": "#ground", "uv": [ 0.0, 0.0, 2.0, 4.5 ] },
								"south": { "texture": "#ground", "uv": [ 0.0, 0.0, 3.0, 4.5 ] },
								"west": { "texture": "#ground", "uv": [ 0.0, 0.0, 2.0, 4.5 ] },
								"up": { "texture": "#ground", "uv": [ 0.0, 0.0, 3.0, 2.0 ] },
								"down": { "texture": "#ground", "uv": [ 0.0, 0.0, 4.0, 3.0 ], "autoUv": false }
							}
						},
						{
							"name": "Stone7",
							"from": [ 1.0, 15.0, 13.0 ],
							"to": [ 3.0, 18.0, 16.0 ],
							"rotationOrigin": [ 3.0, 16.0, 15.0 ],
							"rotationY": 67.5,
							"rotationZ": 22.5,
							"faces": {
								"north": { "texture": "#ground", "uv": [ 0.0, 0.0, 2.0, 3.0 ] },
								"east": { "texture": "#ground", "uv": [ 0.0, 0.0, 3.0, 3.0 ] },
								"south": { "texture": "#ground", "uv": [ 0.0, 0.0, 2.0, 3.0 ] },
								"west": { "texture": "#ground", "uv": [ 0.0, 0.0, 3.0, 3.0 ] },
								"up": { "texture": "#ground", "uv": [ 0.0, 0.0, 2.0, 3.0 ] },
								"down": { "texture": "#ground", "uv": [ 0.0, 0.0, 4.0, 3.0 ], "autoUv": false }
							}
						},
						{
							"name": "Stone6",
							"from": [ -1.0, 14.0, 9.0 ],
							"to": [ 3.0, 18.0, 12.0 ],
							"rotationOrigin": [ 1.0, 15.0, 11.0 ],
							"rotationX": 22.5,
							"rotationY": -22.5,
							"faces": {
								"north": { "texture": "#ground", "uv": [ 0.0, 0.0, 4.0, 4.0 ] },
								"east": { "texture": "#ground", "uv": [ 0.0, 0.0, 3.0, 4.0 ] },
								"south": { "texture": "#ground", "uv": [ 0.0, 0.0, 4.0, 4.0 ] },
								"west": { "texture": "#ground", "uv": [ 0.0, 0.0, 3.0, 4.0 ] },
								"up": { "texture": "#ground", "uv": [ 0.0, 0.0, 4.0, 3.0 ] },
								"down": { "texture": "#ground", "uv": [ 0.0, 0.0, 4.0, 3.0 ], "autoUv": false }
							}
						},
						{
							"name": "Stone5",
							"from": [ -1.0, 14.0, 5.0 ],
							"to": [ 3.0, 17.0, 9.0 ],
							"rotationOrigin": [ 1.0, 15.0, 7.0 ],
							"rotationX": 22.5,
							"rotationZ": -45.0,
							"faces": {
								"north": { "texture": "#ground", "uv": [ 0.0, 0.0, 4.0, 3.0 ] },
								"east": { "texture": "#ground", "uv": [ 0.0, 0.0, 4.0, 3.0 ] },
								"south": { "texture": "#ground", "uv": [ 0.0, 0.0, 4.0, 3.0 ] },
								"west": { "texture": "#ground", "uv": [ 0.0, 0.0, 4.0, 3.0 ] },
								"up": { "texture": "#ground", "uv": [ 0.0, 0.0, 4.0, 4.0 ] },
								"down": { "texture": "#ground", "uv": [ 0.0, 0.0, 4.0, 3.0 ], "autoUv": false }
							}
						},
						{
							"name": "Stone1",
							"from": [ 6.0, 14.0, 1.0 ],
							"to": [ 9.0, 19.0, 2.0 ],
							"rotationOrigin": [ 8.0, 15.0, 3.0 ],
							"rotationX": -12.0,
							"faces": {
								"north": { "texture": "#ground", "uv": [ 0.0, 0.0, 3.0, 5.0 ] },
								"east": { "texture": "#ground", "uv": [ 0.0, 0.0, 1.0, 5.0 ], "windMode": [-1,-1,-1,-1], "windData": [0,1,0,0] },
								"south": { "texture": "#ground", "uv": [ 0.0, 0.0, 3.0, 5.0 ] },
								"west": { "texture": "#ground", "uv": [ 0.0, 0.0, 1.0, 5.0 ] },
								"up": { "texture": "#ground", "uv": [ 0.0, 0.0, 3.0, 1.0 ] },
								"down": { "texture": "#ground", "uv": [ 0.0, 0.0, 4.0, 3.0 ], "autoUv": false }
							}
						},
						{
							"name": "Stone2",
							"from": [ 3.0, 14.0, -1.0 ],
							"to": [ 6.0, 18.0, 2.0 ],
							"rotationOrigin": [ 5.0, 15.0, 1.0 ],
							"rotationX": -22.5,
							"rotationY": 22.5,
							"rotationZ": -22.5,
							"faces": {
								"north": { "texture": "#ground", "uv": [ 0.0, 0.0, 3.0, 4.0 ] },
								"east": { "texture": "#ground", "uv": [ 0.0, 0.0, 3.0, 4.0 ] },
								"south": { "texture": "#ground", "uv": [ 0.0, 0.0, 3.0, 4.0 ] },
								"west": { "texture": "#ground", "uv": [ 0.0, 0.0, 3.0, 4.0 ] },
								"up": { "texture": "#ground", "uv": [ 0.0, 0.0, 3.0, 3.0 ] },
								"down": { "texture": "#ground", "uv": [ 0.0, 0.0, 4.0, 3.0 ], "autoUv": false }
							}
						},
						{
							"name": "Stone3",
							"from": [ 0.0, 14.0, -1.0 ],
							"to": [ 4.0, 18.0, 3.0 ],
							"rotationOrigin": [ 2.0, 15.0, 1.0 ],
							"rotationX": 22.5,
							"rotationY": -45.0,
							"rotationZ": 22.5,
							"faces": {
								"north": { "texture": "#ground", "uv": [ 0.0, 0.0, 4.0, 4.0 ] },
								"east": { "texture": "#ground", "uv": [ 0.0, 0.0, 4.0, 4.0 ] },
								"south": { "texture": "#ground", "uv": [ 0.0, 0.0, 4.0, 4.0 ] },
								"west": { "texture": "#ground", "uv": [ 0.0, 0.0, 4.0, 4.0 ] },
								"up": { "texture": "#ground", "uv": [ 0.0, 0.0, 4.0, 4.0 ] },
								"down": { "texture": "#ground", "uv": [ 0.0, 0.0, 4.0, 3.0 ], "autoUv": false }
							}
						},
						{
							"name": "Stone21",
							"from": [ 0.0, 15.0, 0.0 ],
							"to": [ 2.0, 17.0, 2.0 ],
							"rotationOrigin": [ 2.0, 16.0, 2.0 ],
							"rotationY": 67.5,
							"rotationZ": 22.5,
							"faces": {
								"north": { "texture": "#ground", "uv": [ 0.0, 0.0, 2.0, 2.0 ] },
								"east": { "texture": "#ground", "uv": [ 0.0, 0.0, 2.0, 2.0 ] },
								"south": { "texture": "#ground", "uv": [ 0.0, 0.0, 2.0, 2.0 ] },
								"west": { "texture": "#ground", "uv": [ 0.0, 0.0, 2.0, 2.0 ] },
								"up": { "texture": "#ground", "uv": [ 0.0, 0.0, 2.0, 2.0 ] },
								"down": { "texture": "#ground", "uv": [ 0.0, 0.0, 4.0, 3.0 ], "autoUv": false }
							}
						},
						{
							"name": "Stone22",
							"from": [ -2.0, 14.5, 12.0 ],
							"to": [ 2.0, 17.5, 15.0 ],
							"rotationOrigin": [ 0.0, 16.0, 14.0 ],
							"rotationY": -67.5,
							"rotationZ": -22.5,
							"faces": {
								"north": { "texture": "#ground", "uv": [ 0.0, 0.0, 4.0, 3.0 ] },
								"east": { "texture": "#ground", "uv": [ 0.0, 0.0, 3.0, 3.0 ] },
								"south": { "texture": "#ground", "uv": [ 0.0, 0.0, 4.0, 3.0 ] },
								"west": { "texture": "#ground", "uv": [ 0.0, 0.0, 3.0, 3.0 ] },
								"up": { "texture": "#ground", "uv": [ 0.0, 0.0, 4.0, 3.0 ] },
								"down": { "texture": "#ground", "uv": [ 0.0, 0.0, 4.0, 3.0 ], "autoUv": false }
							}
						},
						{
							"name": "Stone4",
							"from": [ -1.0, 15.0, 3.0 ],
							"to": [ 3.0, 18.0, 6.0 ],
							"rotationOrigin": [ 1.0, 16.0, 5.0 ],
							"rotationY": 22.5,
							"rotationZ": 22.5,
							"faces": {
								"north": { "texture": "#ground", "uv": [ 0.0, 0.0, 4.0, 3.0 ] },
								"east": { "texture": "#ground", "uv": [ 0.0, 0.0, 3.0, 3.0 ] },
								"south": { "texture": "#ground", "uv": [ 0.0, 0.0, 4.0, 3.0 ] },
								"west": { "texture": "#ground", "uv": [ 0.0, 0.0, 3.0, 3.0 ] },
								"up": { "texture": "#ground", "uv": [ 0.0, 0.0, 4.0, 3.0 ] },
								"down": { "texture": "#ground", "uv": [ 0.0, 0.0, 4.0, 3.0 ], "autoUv": false }
							}
						},
						{
							"name": "Stone23",
							"from": [ 2.0, 15.0, 13.0 ],
							"to": [ 4.0, 18.0, 16.0 ],
							"rotationOrigin": [ 4.0, 16.0, 15.0 ],
							"rotationX": -90.0,
							"rotationY": 90.0,
							"rotationZ": 22.5,
							"faces": {
								"north": { "texture": "#ground", "uv": [ 0.0, 0.0, 2.0, 3.0 ] },
								"east": { "texture": "#ground", "uv": [ 0.0, 0.0, 3.0, 3.0 ] },
								"south": { "texture": "#ground", "uv": [ 0.0, 0.0, 2.0, 3.0 ] },
								"west": { "texture": "#ground", "uv": [ 0.0, 0.0, 3.0, 3.0 ] },
								"up": { "texture": "#ground", "uv": [ 0.0, 0.0, 2.0, 3.0 ] },
								"down": { "texture": "#ground", "uv": [ 0.0, 0.0, 4.0, 3.0 ], "autoUv": false }
							}
						},
						{
							"name": "Stone24",
							"from": [ 8.0, 15.0, 15.5 ],
							"to": [ 11.0, 17.5, 16.5 ],
							"rotationOrigin": [ 10.0, 16.0, 17.0 ],
							"rotationX": -8.0,
							"rotationY": -22.5,
							"rotationZ": 22.5,
							"faces": {
								"north": { "texture": "#ground", "uv": [ 0.0, 0.0, 3.0, 2.5 ] },
								"east": { "texture": "#ground", "uv": [ 0.0, 0.0, 1.0, 2.5 ] },
								"south": { "texture": "#ground", "uv": [ 0.0, 0.0, 3.0, 2.5 ] },
								"west": { "texture": "#ground", "uv": [ 0.0, 0.0, 1.0, 2.5 ] },
								"up": { "texture": "#ground", "uv": [ 0.0, 0.0, 3.0, 1.0 ] },
								"down": { "texture": "#ground", "uv": [ 0.0, 0.0, 4.0, 3.0 ], "autoUv": false }
							}
						},
						{
							"name": "Stone25",
							"from": [ 12.0, 15.0, 13.0 ],
							"to": [ 16.0, 19.0, 17.0 ],
							"rotationOrigin": [ 14.0, 16.0, 15.0 ],
							"rotationY": -67.5,
							"rotationZ": 22.5,
							"faces": {
								"north": { "texture": "#ground", "uv": [ 0.0, 0.0, 4.0, 4.0 ] },
								"east": { "texture": "#ground", "uv": [ 0.0, 0.0, 4.0, 4.0 ] },
								"south": { "texture": "#ground", "uv": [ 0.0, 0.0, 4.0, 4.0 ] },
								"west": { "texture": "#ground", "uv": [ 0.0, 0.0, 4.0, 4.0 ] },
								"up": { "texture": "#ground", "uv": [ 0.0, 0.0, 4.0, 4.0 ] },
								"down": { "texture": "#ground", "uv": [ 0.0, 0.0, 4.0, 3.0 ], "autoUv": false }
							}
						},
						{
							"name": "Stone26",
							"from": [ 13.0, 15.0, 12.0 ],
							"to": [ 17.0, 18.0, 16.0 ],
							"rotationOrigin": [ 15.0, 15.0, 14.0 ],
							"rotationX": -22.5,
							"rotationY": 22.5,
							"faces": {
								"north": { "texture": "#ground", "uv": [ 0.0, 0.0, 4.0, 3.0 ] },
								"east": { "texture": "#ground", "uv": [ 0.0, 0.0, 4.0, 3.0 ] },
								"south": { "texture": "#ground", "uv": [ 0.0, 0.0, 4.0, 3.0 ] },
								"west": { "texture": "#ground", "uv": [ 0.0, 0.0, 4.0, 3.0 ] },
								"up": { "texture": "#ground", "uv": [ 0.0, 0.0, 4.0, 4.0 ] },
								"down": { "texture": "#ground", "uv": [ 0.0, 0.0, 4.0, 3.0 ], "autoUv": false }
							}
						},
						{
							"name": "Stone27",
							"from": [ 13.7, 14.0, 0.0 ],
							"to": [ 15.7, 18.0, 3.0 ],
							"rotationOrigin": [ 15.7, 15.0, 2.0 ],
							"rotationX": -90.0,
							"rotationY": 90.0,
							"rotationZ": 22.5,
							"faces": {
								"north": { "texture": "#ground", "uv": [ 0.0, 0.0, 2.0, 4.0 ] },
								"east": { "texture": "#ground", "uv": [ 0.0, 0.0, 3.0, 4.0 ] },
								"south": { "texture": "#ground", "uv": [ 0.0, 0.0, 2.0, 4.0 ] },
								"west": { "texture": "#ground", "uv": [ 0.0, 0.0, 3.0, 4.0 ] },
								"up": { "texture": "#ground", "uv": [ 0.0, 0.0, 2.0, 3.0 ] },
								"down": { "texture": "#ground", "uv": [ 0.0, 0.0, 4.0, 3.0 ], "autoUv": false }
							}
						}
					]
				},
				{
					"name": "Stones2",
					"from": [ 0.0, 2.0, 0.0 ],
					"to": [ 0.0, 2.0, 0.0 ],
					"rotationOrigin": [ 8.0, 18.0, 8.0 ],
					"rotationY": -45.0,
					"faces": {
						"north": { "texture": "#ground", "uv": [ 0.0, 0.0, 0.5, 0.5 ] },
						"east": { "texture": "#ground", "uv": [ 0.0, 0.0, 0.5, 0.5 ] },
						"south": { "texture": "#ground", "uv": [ 0.0, 0.0, 0.5, 0.5 ] },
						"west": { "texture": "#ground", "uv": [ 0.0, 0.0, 0.5, 0.5 ] },
						"up": { "texture": "#ground", "uv": [ 0.0, 0.0, 0.5, 0.5 ] },
						"down": { "texture": "#ground", "uv": [ 0.0, 0.0, 0.5, 0.5 ] }
					},
					"children": [
						{
							"name": "Stone28",
							"from": [ 14.0, 16.0, 9.0 ],
							"to": [ 17.0, 19.0, 12.0 ],
							"rotationOrigin": [ 16.0, 17.0, 11.0 ],
							"rotationZ": 180.0,
							"faces": {
								"north": { "texture": "#ground", "uv": [ 0.0, 0.0, 3.0, 3.0 ] },
								"east": { "texture": "#ground", "uv": [ 0.0, 0.0, 3.0, 3.0 ] },
								"south": { "texture": "#ground", "uv": [ 0.0, 0.0, 3.0, 3.0 ] },
								"west": { "texture": "#ground", "uv": [ 0.0, 0.0, 3.0, 3.0 ] },
								"up": { "texture": "#ground", "uv": [ 0.0, 0.0, 3.0, 3.0 ] },
								"down": { "texture": "#ground", "uv": [ 0.0, 0.0, 4.0, 3.0 ], "autoUv": false }
							}
						},
						{
							"name": "Stone29",
							"from": [ 4.0, 15.0, 16.5 ],
							"to": [ 7.0, 18.5, 17.5 ],
							"rotationOrigin": [ 6.0, 16.0, 18.0 ],
							"rotationX": -8.0,
							"rotationY": -22.5,
							"rotationZ": 22.5,
							"faces": {
								"north": { "texture": "#ground", "uv": [ 0.0, 0.0, 3.0, 3.5 ] },
								"east": { "texture": "#ground", "uv": [ 0.0, 0.0, 1.0, 3.5 ] },
								"south": { "texture": "#ground", "uv": [ 0.0, 0.0, 3.0, 3.5 ] },
								"west": { "texture": "#ground", "uv": [ 0.0, 0.0, 1.0, 3.5 ] },
								"up": { "texture": "#ground", "uv": [ 0.0, 0.0, 3.0, 1.0 ] },
								"down": { "texture": "#ground", "uv": [ 0.0, 0.0, 4.0, 3.0 ], "autoUv": false }
							}
						},
						{
							"name": "Stone30",
							"from": [ 6.0, 14.0, -2.5 ],
							"to": [ 9.0, 19.0, -0.5 ],
							"rotationOrigin": [ 8.0, 15.0, -1.0 ],
							"rotationX": -22.5,
							"faces": {
								"north": { "texture": "#ground", "uv": [ 0.0, 0.0, 3.0, 5.0 ] },
								"east": { "texture": "#ground", "uv": [ 0.0, 0.0, 2.0, 5.0 ] },
								"south": { "texture": "#ground", "uv": [ 0.0, 0.0, 3.0, 5.0 ] },
								"west": { "texture": "#ground", "uv": [ 0.0, 0.0, 2.0, 5.0 ] },
								"up": { "texture": "#ground", "uv": [ 0.0, 0.0, 3.0, 2.0 ] },
								"down": { "texture": "#ground", "uv": [ 0.0, 0.0, 4.0, 3.0 ], "autoUv": false }
							}
						},
						{
							"name": "Stone31",
							"from": [ 3.0, 15.0, 1.0 ],
							"to": [ 5.0, 17.0, 3.0 ],
							"rotationOrigin": [ 5.0, 16.0, 3.0 ],
							"rotationY": 67.5,
							"rotationZ": 22.5,
							"faces": {
								"north": { "texture": "#ground", "uv": [ 0.0, 0.0, 2.0, 2.0 ] },
								"east": { "texture": "#ground", "uv": [ 0.0, 0.0, 2.0, 2.0 ] },
								"south": { "texture": "#ground", "uv": [ 0.0, 0.0, 2.0, 2.0 ] },
								"west": { "texture": "#ground", "uv": [ 0.0, 0.0, 2.0, 2.0 ] },
								"up": { "texture": "#ground", "uv": [ 0.0, 0.0, 2.0, 2.0 ] },
								"down": { "texture": "#ground", "uv": [ 0.0, 0.0, 4.0, 3.0 ], "autoUv": false }
							}
						},
						{
							"name": "Stone32",
							"from": [ 9.4, 16.5, -1.4 ],
							"to": [ 11.4, 18.5, 2.6 ],
							"rotationOrigin": [ 10.9, 17.5, 0.6 ],
							"rotationX": -180.0,
							"rotationY": -67.5,
							"rotationZ": -180.0,
							"faces": {
								"north": { "texture": "#ground", "uv": [ 0.0, 0.0, 2.0, 2.0 ] },
								"east": { "texture": "#ground", "uv": [ 0.0, 0.0, 4.0, 2.0 ] },
								"south": { "texture": "#ground", "uv": [ 0.0, 0.0, 2.0, 2.0 ] },
								"west": { "texture": "#ground", "uv": [ 0.0, 0.0, 4.0, 2.0 ] },
								"up": { "texture": "#ground", "uv": [ 0.0, 0.0, 2.0, 4.0 ] },
								"down": { "texture": "#ground", "uv": [ 0.0, 0.0, 4.0, 3.0 ], "autoUv": false }
							}
						},
						{
							"name": "Stone33",
							"from": [ 12.0, 16.0, 0.0 ],
							"to": [ 16.0, 18.0, 3.0 ],
							"rotationOrigin": [ 14.0, 17.0, 2.0 ],
							"rotationY": 45.0,
							"rotationZ": -22.5,
							"faces": {
								"north": { "texture": "#ground", "uv": [ 0.0, 0.0, 4.0, 2.0 ] },
								"east": { "texture": "#ground", "uv": [ 0.0, 0.0, 3.0, 2.0 ] },
								"south": { "texture": "#ground", "uv": [ 0.0, 0.0, 4.0, 2.0 ] },
								"west": { "texture": "#ground", "uv": [ 0.0, 0.0, 3.0, 2.0 ] },
								"up": { "texture": "#ground", "uv": [ 0.0, 0.0, 4.0, 3.0 ] },
								"down": { "texture": "#ground", "uv": [ 0.0, 0.0, 4.0, 3.0 ], "autoUv": false }
							}
						},
						{
							"name": "Stone34",
							"from": [ 14.06, 16.62, 2.0 ],
							"to": [ 19.06, 18.62, 6.0 ],
							"rotationOrigin": [ 17.0, 17.0, 4.0 ],
							"rotationX": -172.875,
							"rotationY": 67.5,
							"rotationZ": -172.875,
							"faces": {
								"north": { "texture": "#ground", "uv": [ 0.0, 0.0, 5.0, 2.0 ] },
								"east": { "texture": "#ground", "uv": [ 0.0, 0.0, 4.0, 2.0 ] },
								"south": { "texture": "#ground", "uv": [ 0.0, 0.0, 5.0, 2.0 ] },
								"west": { "texture": "#ground", "uv": [ 0.0, 0.0, 4.0, 2.0 ] },
								"up": { "texture": "#ground", "uv": [ 0.0, 0.0, 5.0, 4.0 ] },
								"down": { "texture": "#ground", "uv": [ 0.0, 0.0, 4.0, 3.0 ], "autoUv": false }
							}
						},
						{
							"name": "Stone35",
							"from": [ 17.2, 14.0, 6.0 ],
							"to": [ 19.2, 18.0, 9.0 ],
							"rotationOrigin": [ 19.2, 15.0, 8.0 ],
							"rotationZ": -22.5,
							"faces": {
								"north": { "texture": "#ground", "uv": [ 0.0, 0.0, 2.0, 4.0 ] },
								"east": { "texture": "#ground", "uv": [ 0.0, 0.0, 3.0, 4.0 ] },
								"south": { "texture": "#ground", "uv": [ 0.0, 0.0, 2.0, 4.0 ] },
								"west": { "texture": "#ground", "uv": [ 0.0, 0.0, 3.0, 4.0 ] },
								"up": { "texture": "#ground", "uv": [ 0.0, 0.0, 2.0, 3.0 ] },
								"down": { "texture": "#ground", "uv": [ 0.0, 0.0, 4.0, 3.0 ], "autoUv": false }
							}
						},
						{
							"name": "Stone36",
							"from": [ 14.0, 15.0, 9.0 ],
							"to": [ 18.0, 18.0, 13.0 ],
							"rotationOrigin": [ 16.0, 15.0, 11.0 ],
							"rotationX": -22.5,
							"rotationY": -22.5,
							"rotationZ": 45.0,
							"faces": {
								"north": { "texture": "#ground", "uv": [ 0.0, 0.0, 4.0, 3.0 ] },
								"east": { "texture": "#ground", "uv": [ 0.0, 0.0, 4.0, 3.0 ] },
								"south": { "texture": "#ground", "uv": [ 0.0, 0.0, 4.0, 3.0 ] },
								"west": { "texture": "#ground", "uv": [ 0.0, 0.0, 4.0, 3.0 ] },
								"up": { "texture": "#ground", "uv": [ 0.0, 0.0, 4.0, 4.0 ] },
								"down": { "texture": "#ground", "uv": [ 0.0, 0.0, 4.0, 3.0 ], "autoUv": false }
							}
						},
						{
							"name": "Stone37",
							"from": [ 11.0, 16.0, 13.5 ],
							"to": [ 14.0, 19.0, 16.5 ],
							"rotationOrigin": [ 13.0, 17.0, 16.0 ],
							"rotationY": 45.0,
							"faces": {
								"north": { "texture": "#ground", "uv": [ 0.0, 0.0, 3.0, 3.0 ] },
								"east": { "texture": "#ground", "uv": [ 0.0, 0.0, 3.0, 3.0 ] },
								"south": { "texture": "#ground", "uv": [ 0.0, 0.0, 3.0, 3.0 ] },
								"west": { "texture": "#ground", "uv": [ 0.0, 0.0, 3.0, 3.0 ] },
								"up": { "texture": "#ground", "uv": [ 0.0, 0.0, 3.0, 3.0 ] },
								"down": { "texture": "#ground", "uv": [ 0.0, 0.0, 4.0, 3.0 ], "autoUv": false }
							}
						},
						{
							"name": "Stone38",
							"from": [ 8.0, 15.5, 16.0 ],
							"to": [ 12.0, 18.5, 19.0 ],
							"rotationOrigin": [ 10.0, 17.0, 18.0 ],
							"rotationX": 22.5,
							"rotationZ": 10.0,
							"faces": {
								"north": { "texture": "#ground", "uv": [ 0.0, 0.0, 4.0, 3.0 ] },
								"east": { "texture": "#ground", "uv": [ 0.0, 0.0, 3.0, 3.0 ] },
								"south": { "texture": "#ground", "uv": [ 0.0, 0.0, 4.0, 3.0 ] },
								"west": { "texture": "#ground", "uv": [ 0.0, 0.0, 3.0, 3.0 ] },
								"up": { "texture": "#ground", "uv": [ 0.0, 0.0, 4.0, 3.0 ] },
								"down": { "texture": "#ground", "uv": [ 0.0, 0.0, 4.0, 3.0 ], "autoUv": false }
							}
						},
						{
							"name": "Stone39",
							"from": [ 6.0, 13.0, 17.0 ],
							"to": [ 9.0, 18.0, 20.0 ],
							"rotationOrigin": [ 8.0, 14.0, 19.0 ],
							"faces": {
								"north": { "texture": "#ground", "uv": [ 0.0, 0.0, 3.0, 5.0 ] },
								"east": { "texture": "#ground", "uv": [ 0.0, 0.0, 3.0, 5.0 ] },
								"south": { "texture": "#ground", "uv": [ 0.0, 0.0, 3.0, 5.0 ] },
								"west": { "texture": "#ground", "uv": [ 0.0, 0.0, 3.0, 5.0 ] },
								"up": { "texture": "#ground", "uv": [ 0.0, 0.0, 3.0, 3.0 ] },
								"down": { "texture": "#ground", "uv": [ 0.0, 0.0, 4.0, 3.0 ], "autoUv": false }
							}
						},
						{
							"name": "Stone40",
							"from": [ 5.0, 14.0, 15.5 ],
							"to": [ 8.0, 17.5, 17.5 ],
							"rotationOrigin": [ 7.0, 15.0, 17.0 ],
							"rotationX": -22.5,
							"rotationY": -22.5,
							"rotationZ": 22.5,
							"faces": {
								"north": { "texture": "#ground", "uv": [ 0.0, 0.0, 3.0, 3.5 ] },
								"east": { "texture": "#ground", "uv": [ 0.0, 0.0, 2.0, 3.5 ] },
								"south": { "texture": "#ground", "uv": [ 0.0, 0.0, 3.0, 3.5 ] },
								"west": { "texture": "#ground", "uv": [ 0.0, 0.0, 2.0, 3.5 ] },
								"up": { "texture": "#ground", "uv": [ 0.0, 0.0, 3.0, 2.0 ] },
								"down": { "texture": "#ground", "uv": [ 0.0, 0.0, 4.0, 3.0 ], "autoUv": false }
							}
						},
						{
							"name": "Stone41",
							"from": [ 1.0, 16.0, 10.0 ],
							"to": [ 3.0, 19.0, 13.0 ],
							"rotationOrigin": [ 3.0, 17.0, 12.0 ],
							"rotationY": 45.0,
							"rotationZ": 22.5,
							"faces": {
								"north": { "texture": "#ground", "uv": [ 0.0, 0.0, 2.0, 3.0 ] },
								"east": { "texture": "#ground", "uv": [ 0.0, 0.0, 3.0, 3.0 ] },
								"south": { "texture": "#ground", "uv": [ 0.0, 0.0, 2.0, 3.0 ] },
								"west": { "texture": "#ground", "uv": [ 0.0, 0.0, 3.0, 3.0 ] },
								"up": { "texture": "#ground", "uv": [ 0.0, 0.0, 2.0, 3.0 ] },
								"down": { "texture": "#ground", "uv": [ 0.0, 0.0, 4.0, 3.0 ], "autoUv": false }
							}
						},
						{
							"name": "Stone42",
							"from": [ -4.0, 15.0, 6.0 ],
							"to": [ 0.0, 19.0, 9.0 ],
							"rotationOrigin": [ -2.0, 16.0, 8.0 ],
							"rotationX": 22.5,
							"rotationY": -67.5,
							"faces": {
								"north": { "texture": "#ground", "uv": [ 0.0, 0.0, 4.0, 4.0 ] },
								"east": { "texture": "#ground", "uv": [ 0.0, 0.0, 3.0, 4.0 ] },
								"south": { "texture": "#ground", "uv": [ 0.0, 0.0, 4.0, 4.0 ] },
								"west": { "texture": "#ground", "uv": [ 0.0, 0.0, 3.0, 4.0 ] },
								"up": { "texture": "#ground", "uv": [ 0.0, 0.0, 4.0, 3.0 ] },
								"down": { "texture": "#ground", "uv": [ 0.0, 0.0, 4.0, 3.0 ], "autoUv": false }
							}
						},
						{
							"name": "Stone43",
							"from": [ -3.0, 15.0, 4.0 ],
							"to": [ 1.0, 18.0, 8.0 ],
							"rotationOrigin": [ -1.0, 16.0, 6.0 ],
							"rotationX": 22.5,
							"rotationZ": -45.0,
							"faces": {
								"north": { "texture": "#ground", "uv": [ 0.0, 0.0, 4.0, 3.0 ] },
								"east": { "texture": "#ground", "uv": [ 0.0, 0.0, 4.0, 3.0 ] },
								"south": { "texture": "#ground", "uv": [ 0.0, 0.0, 4.0, 3.0 ] },
								"west": { "texture": "#ground", "uv": [ 0.0, 0.0, 4.0, 3.0 ] },
								"up": { "texture": "#ground", "uv": [ 0.0, 0.0, 4.0, 4.0 ] },
								"down": { "texture": "#ground", "uv": [ 0.0, 0.0, 4.0, 3.0 ], "autoUv": false }
							}
						},
						{
							"name": "Stone44",
							"from": [ 8.0, 14.0, -1.0 ],
							"to": [ 11.0, 19.0, 0.0 ],
							"rotationOrigin": [ 10.0, 15.0, 1.0 ],
							"rotationX": -22.5,
							"rotationY": -22.5,
							"faces": {
								"north": { "texture": "#ground", "uv": [ 0.0, 0.0, 3.0, 5.0 ] },
								"east": { "texture": "#ground", "uv": [ 0.0, 0.0, 1.0, 5.0 ], "windMode": [-1,-1,-1,-1], "windData": [0,1,0,0] },
								"south": { "texture": "#ground", "uv": [ 0.0, 0.0, 3.0, 5.0 ] },
								"west": { "texture": "#ground", "uv": [ 0.0, 0.0, 1.0, 5.0 ] },
								"up": { "texture": "#ground", "uv": [ 0.0, 0.0, 3.0, 1.0 ] },
								"down": { "texture": "#ground", "uv": [ 0.0, 0.0, 4.0, 3.0 ], "autoUv": false }
							}
						},
						{
							"name": "Stone45",
							"from": [ 3.0, 14.0, -1.0 ],
							"to": [ 6.0, 19.0, 2.0 ],
							"rotationOrigin": [ 5.0, 15.0, 1.0 ],
							"rotationX": -22.5,
							"rotationY": 22.5,
							"rotationZ": -22.5,
							"faces": {
								"north": { "texture": "#ground", "uv": [ 0.0, 0.0, 3.0, 5.0 ] },
								"east": { "texture": "#ground", "uv": [ 0.0, 0.0, 3.0, 5.0 ] },
								"south": { "texture": "#ground", "uv": [ 0.0, 0.0, 3.0, 5.0 ] },
								"west": { "texture": "#ground", "uv": [ 0.0, 0.0, 3.0, 5.0 ] },
								"up": { "texture": "#ground", "uv": [ 0.0, 0.0, 3.0, 3.0 ] },
								"down": { "texture": "#ground", "uv": [ 0.0, 0.0, 4.0, 3.0 ], "autoUv": false }
							}
						},
						{
							"name": "Stone46",
							"from": [ 2.0, 15.0, 0.0 ],
							"to": [ 5.0, 19.0, 4.0 ],
							"rotationOrigin": [ 4.0, 16.0, 2.0 ],
							"rotationX": 22.5,
							"rotationY": -45.0,
							"rotationZ": 22.5,
							"faces": {
								"north": { "texture": "#ground", "uv": [ 0.0, 0.0, 3.0, 4.0 ] },
								"east": { "texture": "#ground", "uv": [ 0.0, 0.0, 4.0, 4.0 ] },
								"south": { "texture": "#ground", "uv": [ 0.0, 0.0, 3.0, 4.0 ] },
								"west": { "texture": "#ground", "uv": [ 0.0, 0.0, 4.0, 4.0 ] },
								"up": { "texture": "#ground", "uv": [ 0.0, 0.0, 3.0, 4.0 ] },
								"down": { "texture": "#ground", "uv": [ 0.0, 0.0, 4.0, 3.0 ], "autoUv": false }
							}
						},
						{
							"name": "Stone47",
							"from": [ 0.0, 15.0, 0.0 ],
							"to": [ 2.0, 17.0, 2.0 ],
							"rotationOrigin": [ 2.0, 16.0, 2.0 ],
							"rotationY": 67.5,
							"rotationZ": 22.5,
							"faces": {
								"north": { "texture": "#ground", "uv": [ 0.0, 0.0, 2.0, 2.0 ] },
								"east": { "texture": "#ground", "uv": [ 0.0, 0.0, 2.0, 2.0 ] },
								"south": { "texture": "#ground", "uv": [ 0.0, 0.0, 2.0, 2.0 ] },
								"west": { "texture": "#ground", "uv": [ 0.0, 0.0, 2.0, 2.0 ] },
								"up": { "texture": "#ground", "uv": [ 0.0, 0.0, 2.0, 2.0 ] },
								"down": { "texture": "#ground", "uv": [ 0.0, 0.0, 4.0, 3.0 ], "autoUv": false }
							}
						},
						{
							"name": "Stone48",
							"from": [ -2.0, 15.5, 9.0 ],
							"to": [ 2.0, 18.5, 12.0 ],
							"rotationOrigin": [ 0.0, 17.0, 11.0 ],
							"rotationY": -67.5,
							"rotationZ": -22.5,
							"faces": {
								"north": { "texture": "#ground", "uv": [ 0.0, 0.0, 4.0, 3.0 ] },
								"east": { "texture": "#ground", "uv": [ 0.0, 0.0, 3.0, 3.0 ] },
								"south": { "texture": "#ground", "uv": [ 0.0, 0.0, 4.0, 3.0 ] },
								"west": { "texture": "#ground", "uv": [ 0.0, 0.0, 3.0, 3.0 ] },
								"up": { "texture": "#ground", "uv": [ 0.0, 0.0, 4.0, 3.0 ] },
								"down": { "texture": "#ground", "uv": [ 0.0, 0.0, 4.0, 3.0 ], "autoUv": false }
							}
						},
						{
							"name": "Stone49",
							"from": [ -1.0, 15.0, 3.0 ],
							"to": [ 3.0, 18.0, 6.0 ],
							"rotationOrigin": [ 1.0, 16.0, 5.0 ],
							"rotationY": 22.5,
							"rotationZ": 22.5,
							"faces": {
								"north": { "texture": "#ground", "uv": [ 0.0, 0.0, 4.0, 3.0 ] },
								"east": { "texture": "#ground", "uv": [ 0.0, 0.0, 3.0, 3.0 ] },
								"south": { "texture": "#ground", "uv": [ 0.0, 0.0, 4.0, 3.0 ] },
								"west": { "texture": "#ground", "uv": [ 0.0, 0.0, 3.0, 3.0 ] },
								"up": { "texture": "#ground", "uv": [ 0.0, 0.0, 4.0, 3.0 ] },
								"down": { "texture": "#ground", "uv": [ 0.0, 0.0, 4.0, 3.0 ], "autoUv": false }
							}
						},
						{
							"name": "Stone50",
							"from": [ 2.0, 15.0, 13.0 ],
							"to": [ 4.0, 18.0, 16.0 ],
							"rotationOrigin": [ 4.0, 16.0, 15.0 ],
							"rotationX": -90.0,
							"rotationY": 90.0,
							"rotationZ": 22.5,
							"faces": {
								"north": { "texture": "#ground", "uv": [ 0.0, 0.0, 2.0, 3.0 ] },
								"east": { "texture": "#ground", "uv": [ 0.0, 0.0, 3.0, 3.0 ] },
								"south": { "texture": "#ground", "uv": [ 0.0, 0.0, 2.0, 3.0 ] },
								"west": { "texture": "#ground", "uv": [ 0.0, 0.0, 3.0, 3.0 ] },
								"up": { "texture": "#ground", "uv": [ 0.0, 0.0, 2.0, 3.0 ] },
								"down": { "texture": "#ground", "uv": [ 0.0, 0.0, 4.0, 3.0 ], "autoUv": false }
							}
						},
						{
							"name": "Stone51",
							"from": [ 8.0, 15.0, 15.5 ],
							"to": [ 11.0, 17.5, 16.5 ],
							"rotationOrigin": [ 10.0, 16.0, 17.0 ],
							"rotationX": -8.0,
							"rotationY": -22.5,
							"rotationZ": 22.5,
							"faces": {
								"north": { "texture": "#ground", "uv": [ 0.0, 0.0, 3.0, 2.5 ] },
								"east": { "texture": "#ground", "uv": [ 0.0, 0.0, 1.0, 2.5 ] },
								"south": { "texture": "#ground", "uv": [ 0.0, 0.0, 3.0, 2.5 ] },
								"west": { "texture": "#ground", "uv": [ 0.0, 0.0, 1.0, 2.5 ] },
								"up": { "texture": "#ground", "uv": [ 0.0, 0.0, 3.0, 1.0 ] },
								"down": { "texture": "#ground", "uv": [ 0.0, 0.0, 4.0, 3.0 ], "autoUv": false }
							}
						},
						{
							"name": "Stone52",
							"from": [ 12.0, 15.0, 13.0 ],
							"to": [ 16.0, 19.0, 17.0 ],
							"rotationOrigin": [ 14.0, 16.0, 15.0 ],
							"rotationY": -67.5,
							"rotationZ": 22.5,
							"faces": {
								"north": { "texture": "#ground", "uv": [ 0.0, 0.0, 4.0, 4.0 ] },
								"east": { "texture": "#ground", "uv": [ 0.0, 0.0, 4.0, 4.0 ] },
								"south": { "texture": "#ground", "uv": [ 0.0, 0.0, 4.0, 4.0 ] },
								"west": { "texture": "#ground", "uv": [ 0.0, 0.0, 4.0, 4.0 ] },
								"up": { "texture": "#ground", "uv": [ 0.0, 0.0, 4.0, 4.0 ] },
								"down": { "texture": "#ground", "uv": [ 0.0, 0.0, 4.0, 3.0 ], "autoUv": false }
							}
						},
						{
							"name": "Stone53",
							"from": [ 13.0, 15.0, 12.0 ],
							"to": [ 17.0, 16.0, 16.0 ],
							"rotationOrigin": [ 15.0, 15.0, 14.0 ],
							"rotationX": -22.5,
							"rotationY": 22.5,
							"faces": {
								"north": { "texture": "#ground", "uv": [ 0.0, 0.0, 4.0, 1.0 ] },
								"east": { "texture": "#ground", "uv": [ 0.0, 0.0, 4.0, 1.0 ] },
								"south": { "texture": "#ground", "uv": [ 0.0, 0.0, 4.0, 1.0 ] },
								"west": { "texture": "#ground", "uv": [ 0.0, 0.0, 4.0, 1.0 ] },
								"up": { "texture": "#ground", "uv": [ 0.0, 0.0, 4.0, 4.0 ] },
								"down": { "texture": "#ground", "uv": [ 0.0, 0.0, 4.0, 3.0 ], "autoUv": false }
							}
						},
						{
							"name": "Stone54",
							"from": [ 13.7, 14.0, 0.0 ],
							"to": [ 15.7, 18.0, 3.0 ],
							"rotationOrigin": [ 15.7, 15.0, 2.0 ],
							"rotationX": -90.0,
							"rotationY": 90.0,
							"rotationZ": 22.5,
							"faces": {
								"north": { "texture": "#ground", "uv": [ 0.0, 0.0, 2.0, 4.0 ] },
								"east": { "texture": "#ground", "uv": [ 0.0, 0.0, 3.0, 4.0 ] },
								"south": { "texture": "#ground", "uv": [ 0.0, 0.0, 2.0, 4.0 ] },
								"west": { "texture": "#ground", "uv": [ 0.0, 0.0, 3.0, 4.0 ] },
								"up": { "texture": "#ground", "uv": [ 0.0, 0.0, 2.0, 3.0 ] },
								"down": { "texture": "#ground", "uv": [ 0.0, 0.0, 4.0, 3.0 ], "autoUv": false }
							}
						}
					]
				},
				{
					"name": "Top",
					"from": [ 8.0, 16.0, 8.0 ],
					"to": [ 8.0, 16.0, 8.0 ],
					"rotationOrigin": [ 8.0, 16.0, 8.0 ],
					"faces": {
						"north": { "texture": "#ground", "uv": [ 0.0, 0.0, 0.5, 0.5 ] },
						"east": { "texture": "#ground", "uv": [ 0.0, 0.0, 0.5, 0.5 ] },
						"south": { "texture": "#ground", "uv": [ 0.0, 0.0, 0.5, 0.5 ] },
						"west": { "texture": "#ground", "uv": [ 0.0, 0.0, 0.5, 0.5 ] },
						"up": { "texture": "#ground", "uv": [ 0.0, 0.0, 0.5, 0.5 ] },
						"down": { "texture": "#ground", "uv": [ 0.0, 0.0, 0.5, 0.5 ] }
					},
					"children": [
						{
							"name": "Top1",
							"from": [ -8.0, 0.0, -8.0 ],
							"to": [ -6.0, 0.0, 8.0 ],
							"rotationOrigin": [ -8.0, 0.0, 0.0 ],
							"rotationZ": -22.5,
							"faces": {
								"up": { "texture": "#ground", "uv": [ 0.0, 0.0, 2.0, 16.0 ] },
								"down": { "texture": "#ground", "uv": [ 0.0, 0.0, 2.0, 16.0 ], "windMode": [-1,-1,-1,-1], "windData": [1,0,0,1] }
							}
						},
						{
							"name": "Top2",
							"from": [ -8.0, 0.0, -8.0 ],
							"to": [ 8.0, 0.0, -6.0 ],
							"rotationOrigin": [ 0.0, 0.0, -8.0 ],
							"rotationX": 22.5,
							"faces": {
								"up": { "texture": "#ground", "uv": [ 0.0, 0.0, 16.0, 2.0 ] },
								"down": { "texture": "#ground", "uv": [ 0.0, 0.0, 16.0, 2.0 ], "windMode": [-1,-1,-1,-1], "windData": [1,1,0,0] }
							}
						},
						{
							"name": "Top3",
							"from": [ 6.0, 0.0, -8.0 ],
							"to": [ 8.0, 0.0, 8.0 ],
							"rotationOrigin": [ 8.0, 0.0, 0.0 ],
							"rotationZ": 22.5,
							"faces": {
								"up": { "texture": "#ground", "uv": [ 0.0, 0.0, 2.0, 16.0 ] },
								"down": { "texture": "#ground", "uv": [ 0.0, 0.0, 2.0, 16.0 ], "windMode": [-1,-1,-1,-1] }
							}
						},
						{
							"name": "Top4",
							"from": [ -8.0, 0.0, 6.0 ],
							"to": [ 8.0, 0.0, 8.0 ],
							"rotationOrigin": [ 0.0, 0.0, 8.0 ],
							"rotationX": -22.5,
							"faces": {
								"up": { "texture": "#ground", "uv": [ 0.0, 0.0, 16.0, 2.0 ] },
								"down": { "texture": "#ground", "uv": [ 0.0, 0.0, 16.0, 2.0 ], "windMode": [-1,-1,-1,-1] }
							}
						},
						{
							"name": "Top5",
							"from": [ -8.0, 2.0, 6.0 ],
							"to": [ 8.0, 2.0, 10.0 ],
							"rotationOrigin": [ 0.0, 2.0, 8.0 ],
							"rotationX": 90.0,
							"faces": {
								"up": { "texture": "#ground", "uv": [ 0.0, 0.0, 16.0, 4.0 ] },
								"down": { "texture": "#ground", "uv": [ 0.0, 0.0, 16.0, 4.0 ], "windMode": [-1,-1,-1,-1], "windData": [1,1,1,1] }
							}
						},
						{
							"name": "Top6",
							"from": [ 6.0, 2.0, -8.0 ],
							"to": [ 9.0, 2.0, 8.0 ],
							"rotationOrigin": [ 8.0, 2.0, 0.0 ],
							"rotationZ": -90.0,
							"faces": {
								"up": { "texture": "#ground", "uv": [ 0.0, 0.0, 3.0, 16.0 ] },
								"down": { "texture": "#ground", "uv": [ 0.0, 0.0, 3.0, 16.0 ], "windMode": [-1,-1,-1,-1], "windData": [1,1,1,1] }
							}
						},
						{
							"name": "Top7",
							"from": [ -8.0, 0.0, -8.0 ],
							"to": [ -4.0, 0.0, 8.0 ],
							"rotationOrigin": [ -8.0, 0.0, 0.0 ],
							"rotationZ": 90.0,
							"faces": {
								"up": { "texture": "#ground", "uv": [ 0.0, 0.0, 4.0, 16.0 ] },
								"down": { "texture": "#ground", "uv": [ 0.0, 0.0, 4.0, 16.0 ], "windMode": [-1,-1,-1,-1], "windData": [1,1,1,1] }
							}
						},
						{
							"name": "Top8",
							"from": [ -8.0, 0.0, -8.0 ],
							"to": [ 8.0, 0.0, -4.0 ],
							"rotationOrigin": [ 0.0, 0.0, -8.0 ],
							"rotationX": -90.0,
							"faces": {
								"up": { "texture": "#ground", "uv": [ 0.0, 0.0, 16.0, 4.0 ] },
								"down": { "texture": "#ground", "uv": [ 0.0, 0.0, 16.0, 4.0 ], "windMode": [-1,-1,-1,-1], "windData": [1,1,1,1] }
							}
						},
						{
							"name": "Top9",
							"from": [ -8.0, 2.5858, 4.5858 ],
							"to": [ 8.0, 2.5858, 12.5858 ],
							"rotationOrigin": [ 0.0, 2.5858, 6.5858 ],
							"rotationX": 135.0,
							"faces": {
								"up": { "texture": "#ground", "uv": [ 0.0, 0.0, 16.0, 8.0 ] },
								"down": { "texture": "#ground", "uv": [ 0.0, 0.0, 16.0, 8.0 ], "windMode": [-1,-1,-1,-1], "windData": [1,1,0,0] }
							}
						},
						{
							"name": "Top10",
							"from": [ 4.5858, 2.5858, -8.0 ],
							"to": [ 12.5858, 2.5858, 8.0 ],
							"rotationOrigin": [ 6.5858, 2.5858, 0.0 ],
							"rotationZ": -135.0,
							"faces": {
								"up": { "texture": "#ground", "uv": [ 0.0, 0.0, 8.0, 16.0 ] },
								"down": { "texture": "#ground", "uv": [ 0.0, 0.0, 8.0, 16.0 ], "windMode": [-1,-1,-1,-1], "windData": [1,0,0,1] }
							}
						},
						{
							"name": "Top11",
							"from": [ -8.0, -1.6569, -2.3431 ],
							"to": [ 8.0, -1.6569, 5.6569 ],
							"rotationOrigin": [ 0.0, -1.6569, -2.3431 ],
							"rotationX": -135.0,
							"faces": {
								"up": { "texture": "#ground", "uv": [ 0.0, 0.0, 16.0, 8.0 ] },
								"down": { "texture": "#ground", "uv": [ 0.0, 0.0, 16.0, 8.0 ], "windMode": [-1,-1,-1,-1], "windData": [0,0,1,1] }
							}
						},
						{
							"name": "Top12",
							"from": [ -3.0503, -0.9497, -8.0 ],
							"to": [ 3.9497, -0.9497, 8.0 ],
							"rotationOrigin": [ -3.0503, -0.9497, 0.0 ],
							"rotationZ": 135.0,
							"faces": {
								"up": { "texture": "#ground", "uv": [ 0.0, 0.0, 7.0, 16.0 ] },
								"down": { "texture": "#ground", "uv": [ 0.0, 0.0, 7.0, 16.0 ], "windMode": [-1,-1,-1,-1], "windData": [0,1,1,0] }
							}
						}
					]
				}
			]
		}
	]}