[
  {
    "op": "addmerge",
    "path": "/attributes/nutritionPropsByType",
    "value": {
      "*-saguaro": {
        "hydration": 200
      },
      "*-cranberry": {
        "hydration": 150
      },
      "*-cherry": {
        "hydration": 100
      },
      "*-lychee": {
        "hydration": 120
      },
      "*-breadfruit": {
        "hydration": 70
      },
      "*": {
        "hydration": 70
      }
    },
    "file": "game:itemtypes/food/fruit.json",
    "side": "Server"
  },
  {
    "op": "add",
    "path": "/attributes/nutritionPropsWhenInMeal/hydrationByType",
    "value": {
      "*-saguaro": 150,
      "*-cranberry": 100,
      "*-cherry": 80,
      "*-lychee": 80,
      "*-breadfruit": 20,
      "*": 70
    },
    "file": "game:itemtypes/food/fruit.json",
    "side": "Server"
  }
]