[
  {
    "code": "dye-purple",
    "sealHours": 8,
    "ingredients": [
      {
        "type": "item",
        "code": "hydrateordiedrate:wellwaterportion-fresh",
        "litres": 1
      },
      {
        "type": "item",
        "code": "game:fruit-blueberry",
        "quantity": 1
      }
    ],
    "output": {
      "type": "item",
      "code": "game:dye-purple",
      "litres": 1
    }
  },
  {
    "code": "dye-purple",
    "sealHours": 8,
    "ingredients": [
      {
        "type": "item",
        "code": "hydrateordiedrate:wellwaterportion-fresh",
        "litres": 1
      },
      {
        "type": "item",
        "code": "game:fruit-blackcurrant",
        "quantity": 1
      }
    ],
    "output": {
      "type": "item",
      "code": "game:dye-purple",
      "litres": 1
    }
  }
]