[
    {
        "Ingredients": [
            {
                "type": "item",
                "code": "hydrateordiedrate:wellwaterportion-fresh",
                "quantity": 50
            },
            {
                "type": "item",
                "code": "expandedfoods:saltedmeatnugget-*-raw",
                "quantity": 1,
                "name": "meat"
            }
        ],
        "Simmering": {
            "meltingPoint": 200,
            "meltingDuration": 110,
            "smeltedRatio": 1,
            "smeltingType": "bake",
            "smeltedStack": {
                "type": "item",
                "code": "expandedfoods:saltedmeatnugget-{meat}-cooked",
                "quantity": 1
            },
            "requiresContainer": false
        }
    },
    {
        "Ingredients": [
            {
                "type": "item",
                "code": "hydrateordiedrate:wellwaterportion-fresh",
                "quantity": 50
            },
            {
                "type": "item",
                "code": "expandedfoods:saltedmeatnugget-*-cookedpartbaked",
                "quantity": 1,
                "name": "meat"
            }
        ],
        "Simmering": {
            "meltingPoint": 200,
            "meltingDuration": 110,
            "smeltedRatio": 1,
            "smeltingType": "bake",
            "smeltedStack": {
                "type": "item",
                "code": "expandedfoods:saltedmeatnugget-{meat}-cooked",
                "quantity": 1
            },
            "requiresContainer": false
        }
    },
    {
        "Ingredients": [
            {
                "type": "item",
                "code": "hydrateordiedrate:wellwaterportion-fresh",
                "quantity": 50
            },
            {
                "type": "item",
                "code": "expandedfoods:saltedmeatnugget-*-smashed",
                "quantity": 1,
                "name": "meat"
            }
        ],
        "Simmering": {
            "meltingPoint": 200,
            "meltingDuration": 110,
            "smeltedRatio": 1,
            "smeltingType": "bake",
            "smeltedStack": {
                "type": "item",
                "code": "expandedfoods:saltedmeatnugget-{meat}-tender",
                "quantity": 1
            },
            "requiresContainer": false
        }
    },
    {
        "Ingredients": [
            {
                "type": "item",
                "code": "hydrateordiedrate:wellwaterportion-fresh",
                "quantity": 50
            },
            {
                "type": "item",
                "code": "expandedfoods:saltedmeatnugget-*-tenderpartbaked",
                "quantity": 1,
                "name": "meat"
            }
        ],
        "Simmering": {
            "meltingPoint": 200,
            "meltingDuration": 110,
            "smeltedRatio": 1,
            "smeltingType": "bake",
            "smeltedStack": {
                "type": "item",
                "code": "expandedfoods:saltedmeatnugget-{meat}-tender",
                "quantity": 1
            },
            "requiresContainer": false
        }
    }
]