﻿[
  {
    "file": "hydrateordiedrate:blocktypes/wood/kegtapped",
    "side": "Server",
    "op": "add",
    "path": "/behaviors/-",
    "value": {"name": "Carryable",
      "properties": {
        "translation": [0, 0, 0],
        "rotation": [0, 0, 0],
        "origin": [0.5, 0.5, 0.5],
        "scale": [0.5, 0.5, 0.5],
        "slots": {
          "Hands": {
            "animation": "carryon:holdheavy",
            "walkSpeedModifier": -0.25
          },
          "Back": {
            "walkSpeedModifier": -0.15
          }
        }
      }
    },
    "dependsOn": [{ "modid": "carryon" }]
  }
]