[
  {
    "code": "saltwaterportion",
    "ingredients": [
      {
        "type": "item",
        "code": "hydrateordiedrate:wellwaterportion-fresh",
        "litres": 25
      },
      {
        "type": "item",
        "code": "game:stone-*",
        "quantity": 1,
        "name": "stone",
        "allowedVariants": [
          "halite"
        ]
      }
    ],
    "output": {
      "type": "item",
      "code": "game:saltwaterportion",
      "litres": 25
    }
  }
]
