﻿{
  "code": "wellwaterportion",
  "variantGroups": [
    {
      "code": "type",
      "states": [
        "fresh",
        "salt",
        "muddy",
        "tainted",
        "poisoned"
      ]
    }
  ],
  "class": "ItemLiquidPortion",
  "matterState": "liquid",
  "attributes": {
    "distillationProps": {
      "distilledStack": {
        "type": "item",
        "code": "hydrateordiedrate:distilledwaterportion"
      },
      "ratio": 1.0
    }
  },
  "attributesByType": {
    "*-fresh": {
      "handbook": {
        "ignoreCreativeInvStacks": true
      },
      "waterTightContainerProps": {
        "containable": true,
        "itemsPerLitre": 100,
        "texture": {
          "base": "game:block/liquid/waterportion"
        },
        "tintIndex": 2,
        "whenSpilled": {
          "action": "DropContents",
          "stack": {
            "type": "item",
            "code": "game:waterportion"
          }
        },
        "nutritionPropsPerLitre": {
          "satiety": 0,
          "foodcategory": "NoNutrition"
        }
      }
    },
    "*-salt": {
      "handbook": {
        "ignoreCreativeInvStacks": true
      },
      "waterTightContainerProps": {
        "containable": true,
        "itemsPerLitre": 100,
        "texture": {
          "base": "game:block/liquid/waterportion"
        },
        "tintIndex": 2,
        "whenSpilled": {
          "action": "DropContents",
          "stack": {
            "type": "item",
            "code": "game:waterportion"
          }
        },
        "nutritionPropsPerLitre": {
          "satiety": -100,
          "foodcategory": "NoNutrition"
        }
      }
    },
    "*-muddy": {
      "handbook": {
        "ignoreCreativeInvStacks": true
      },
      "waterTightContainerProps": {
        "containable": true,
        "itemsPerLitre": 100,
        "texture": {
          "base": "hydrateordiedrate:waterportionmuddy"
        },
        "tintIndex": 2,
        "whenSpilled": {
          "action": "DropContents",
          "stack": {
            "type": "item",
            "code": "game:waterportion"
          }
        },
        "nutritionPropsPerLitre": {
          "satiety": -50,
          "foodcategory": "NoNutrition"
        }
      }
    },
    "*-tainted": {
      "handbook": {
        "ignoreCreativeInvStacks": true
      },
      "waterTightContainerProps": {
        "containable": true,
        "itemsPerLitre": 100,
        "texture": {
          "base": "hydrateordiedrate:waterportiontainted"
        },
        "tintIndex": 2,
        "whenSpilled": {
          "action": "DropContents",
          "stack": {
            "type": "item",
            "code": "game:waterportion"
          }
        },
        "nutritionPropsPerLitre": {
          "satiety": -400,
          "foodcategory": "NoNutrition",
          "health": -5
        }
      }
    },
    "*-poisoned": {
      "handbook": {
        "ignoreCreativeInvStacks": true
      },
      "waterTightContainerProps": {
        "containable": true,
        "itemsPerLitre": 100,
        "texture": {
          "base": "hydrateordiedrate:waterportionpoisoned"
        },
        "tintIndex": 2,
        "whenSpilled": {
          "action": "DropContents",
          "stack": {
            "type": "item",
            "code": "game:waterportion"
          }
        },
        "nutritionPropsPerLitre": {
          "satiety": 0,
          "foodcategory": "NoNutrition",
          "health": -20
        }
      }
    }
  },
  "shape": {
    "base": "game:item/liquid"
  },
  "texture": {
    "base": "game:block/liquid/waterportion"
  },
  "creativeinventoryStacks": [
    {
      "tabs": [
        "general",
        "liquids"
      ],
      "stacks": [
        {
          "type": "block",
          "code": "game:woodbucket",
          "attributes": {
            "ucontents": [
              {
                "type": "item",
                "code": "hydrateordiedrate:wellwaterportion-{type}",
                "states": [
                  "fresh",
                  "salt",
                  "muddy",
                  "tainted",
                  "poisoned"
                ],
                "makefull": true
              }
            ]
          }
        }
      ]
    }
  ],
  "maxstacksize": 5000,
  "materialDensity": 200,
  "guiTransform": {
    "translation": {
      "x": 0,
      "y": 1,
      "z": 0
    },
    "rotation": {
      "x": 123,
      "y": -33,
      "z": -13
    },
    "origin": {
      "x": 0.5,
      "y": 0,
      "z": 0.5
    },
    "scale": 1.4
  },
  "fpHandTransform": {
    "translation": {
      "x": 0,
      "y": 0,
      "z": 0
    },
    "rotation": {
      "x": 25,
      "y": 157,
      "z": -5
    }
  },
  "tpHandTransform": {
    "translation": {
      "x": -1.5,
      "y": -1,
      "z": -1.4
    }
  },
  "transitionableProps": [
    {
      "type": "Perish",
      "freshHours": { "avg": 150 },
      "transitionHours": { "avg": 36 },
      "transitionedStack": { "type": "item", "code": "game:waterportion" },
      "transitionRatio": 1.0
    }
  ]
}