{
  "code": "acid-full-sulfuric",
  "perishableProps": {
    "type": "None",
    "freshHours": {
      "avg": 48
    },
    "transitionHours": {
      "avg": 48
    },
    "transitionRatio": 1,
    "transitionedStack": {
      "type": "item",
      "code": "game:item-acid-full-sulfuric"
    }
  },
  "shape": {
    "base": "block/food/meal/liquid"
  },
  "ingredients": [
    {
      "code": "water",
      "validStacks": [
        {
          "type": "item",
          "code": "hydrateordiedrate:boiledwaterportion",
          "shapeElement": "bowl/water"
        },
        {
          "type": "item",
          "code": "hydrateordiedrate:boiledrainwaterportion",
          "shapeElement": "bowl/water"
        },
        {
          "type": "item",
          "code": "hydrateordiedrate:rainwaterportion",
          "shapeElement": "bowl/water"
        },
        {
          "type": "item",
          "code": "hydrateordiedrate:distilledwaterportion",
          "shapeElement": "bowl/water"
        },
        {
          "type": "item",
          "code": "hydrateordiedrate:wellwaterportion-fresh",
          "shapeElement": "bowl/water"
        }
      ],
      "minQuantity": 1,
      "maxQuantity": 1,
      "portionSizeLitres": 1
    },
    {
      "code": "saltpeter",
      "validStacks": [
        {
          "type": "item",
          "code": "game:saltpeter"
        }
      ],
      "minQuantity": 1,
      "maxQuantity": 1
    },
    {
      "code": "sulfur",
      "validStacks": [
        {
          "type": "item",
          "code": "game:powder-sulfur"
        }
      ],
      "minQuantity": 2,
      "maxQuantity": 2
    }
  ],
  "cooksInto": {
    "type": "Item",
    "code": "game:acid-full-sulfuric",
    "quantity": 100
  }
}