﻿{
  "code": "tun",
  "class": "BlockTun",
  "entityclass": "BlockEntityTun",
  "defaultType": "normal-generic",
  "types": ["normal-generic"],
  "behaviors": [
    { "name": "UnstableFalling" },
    {
      "name": "CanAttach",
      "properties": {
        "sides": ["up"]
      }
    },
    { "name": "HorizontalOrientable" },
    {
      "name": "Multiblock",
      "propertiesByType": {
        "*-north": { "sizex": 2, "sizey": 2, "sizez": 2, "cposition": { "x": 0, "y": 0, "z": 1 } },
        "*-east": { "sizex": 2, "sizey": 2, "sizez": 2, "cposition": { "x": 0, "y": 0, "z": 0 } },
        "*-south": { "sizex": 2, "sizey": 2, "sizez": 2, "cposition": { "x": 1, "y": 0, "z": 0 } },
        "*-west": { "sizex": 2, "sizey": 2, "sizez": 2, "cposition": { "x": 1, "y": 0, "z": 1 } }
      }
    },
    { "name": "Lockable" }
  ],
  "shapeByType": {
    "*-north": { "base": "hydrateordiedrate:block/tun", "rotateY": 0 },
    "*-east": { "base": "hydrateordiedrate:block/tun", "rotateY": 270 },
    "*-west": { "base": "hydrateordiedrate:block/tun", "rotateY": 90 },
    "*-south": { "base": "hydrateordiedrate:block/tun", "rotateY": 180 }
  },
  "attributes": {
    "canDrinkFrom": false,
    "liquidContainerProps": {
      "transferSizeLitres": 1,
      "liquidMaxYTranslate": 0.4375
    },
    "rotatatableInterval": {
      "normal-generic": "22.5deg"
    },
    "variantByGroup": "side",
    "spoilSpeedMulByFoodCat": {
      "normal": {
        "vegetable": 1,
        "grain": 1
      }
    }
  },
  "variantgroups": [
    { "code": "side", "loadFromProperties": "abstract/horizontalorientation" }
  ],
  "creativeinventoryStacksByType": {
    "*-east": [
      {
        "tabs": ["general", "decorative"],
        "stacks": [
          { "type": "block", "code": "tun-east", "attributes": { "type": "normal-generic" } }
        ]
      }
    ]
  },
  "blockmaterial": "Wood",
  "replaceable": 900,
  "resistance": 1.5,
  "lightAbsorption": 1,
  "maxStackSize": 1,
  "sounds": {
    "place": "game:block/planks",
    "hit": "game:block/planks",
    "break": "game:block/planks",
    "walk": "game:walk/wood"
  },
  "sidesolid": {
    "all": false
  },
  "sideopaque": {
    "all": false
  },
  "emitsideao": {
    "all": false
  },
  "heldTpIdleAnimation": "holdbothhandslarge",
  "heldTpUseAnimation": "twohandplaceblock",
  "collisionSelectionBox": {
    "x1": 0, "y1": 0, "z1": 0, "x2": 1, "y2": 1, "z2": 1,
    "rotateYByType": {
      "*-east": 270,
      "*-west": 90,
      "*-south": 180
    }
  },
  "tpHandTransform": {
    "translation": { "x": -1.19, "y": -2.29, "z": -1.09 },
    "rotation": { "x": -167, "y": -13, "z": -107 },
    "origin": { "x": 0.48, "y": 0.55, "z": 0.24 },
    "scale": 0.4
  },
  "groundTransform": {
    "translation": { "x": 0, "y": 0, "z": 0 },
    "rotation": { "x": 0, "y": 0, "z": 0 },
    "origin": { "x": 0, "y": 0, "z": 0 },
    "scale": 1.8
  },
  "guiTransform": {
    "translation": { "x": 0, "y": 10, "z": 0 },
    "scale": 0.56
  }
}