[
  {
    "code": "dye-yellow",
    "sealHours": 8,
    "ingredients": [
      {
        "type": "item",
        "code": "hydrateordiedrate:distilledwaterportion",
        "litres": 1
      },
      {
        "type": "item",
        "code": "game:vegetable-onion",
        "quantity": 1
      }
    ],
    "output": {
      "type": "item",
      "code": "game:dye-yellow",
      "litres": 1
    }
  },
  {
    "code": "dye-yellow",
    "sealHours": 8,
    "ingredients": [
      {
        "type": "item",
        "code": "hydrateordiedrate:distilledwaterportion",
        "litres": 1
      },
      {
        "type": "block",
        "code": "game:flower-heather-free",
        "quantity": 1
      }
    ],
    "output": {
      "type": "item",
      "code": "game:dye-yellow",
      "litres": 1
    }
  }
]