{
	"editor": {
		"collapsedPaths": ",Root/Spindle1/Spindle2/Rope4,Root/Spindle1/Spindle2/Rope11,Root/Spindle1/Spindle2/Rope5,Root/Spindle1/Spindle2/Rope12,Root/Spindle1/Spindle2/Rope2,Root/Spindle1/Spindle2/Rope3,Root/Spindle1/Spindle2/Rope10,Root/Spindle1/Spindle2/Rope1,Root/Spindle1/Rotator,Root/Spindle1/Spindle2/Rope8,Root/Spindle1/Spindle2/Rope9,Root/Spindle1/Spindle2/Rope6,Root/Spindle1/Spindle2/Rope7,Root/Spindle1/Spindle2/Rope,Root/Spindle1/Spindle2/Rope13,Root/Spindle1/Rotator4,Root/Spindle/Spindle1/Spindle2/Rope,Root/Spindle1/Spindle2/Rope14",
		"allAngles": false,
		"entityTextureMode": false
	},
	"textureWidth": 16,
	"textureHeight": 16,
	"textureSizes": {
		"rope": [32,32],
		"spindle": [16,16],
		"plank": [16,16]
	},
	"textures": {
		"spindle": "game:block/wood/debarked/oak",
		"plank": "game:block/wood/planks/oak1",
		"rope": "game:entity/erel/pristine/rope"
	},
	"elements": [
		{
			"name": "Post1",
			"from": [ -1.0, 0.0, 5.0 ],
			"to": [ 0.0, 16.0, 11.0 ],
			"rotationOrigin": [ -1.0, 0.0, 5.0 ],
			"faces": {
				"north": { "texture": "#plank", "uv": [ 0.0, 10.5, 16.0, 11.5 ], "rotation": 90 },
				"east": { "texture": "#plank", "uv": [ 0.0, 5.5, 16.0, 11.5 ], "rotation": 90 },
				"south": { "texture": "#plank", "uv": [ 0.0, 5.0, 16.0, 6.0 ], "rotation": 90 },
				"west": { "texture": "#plank", "uv": [ 0.0, 5.5, 16.0, 11.5 ], "rotation": 90 },
				"up": { "texture": "#plank", "uv": [ 6.5, 5.0, 12.5, 6.0 ], "rotation": 90 },
				"down": { "texture": "#plank", "uv": [ 6.5, 5.0, 12.5, 6.0 ], "rotation": 90 }
			}
		},
		{
			"name": "Post2",
			"from": [ 16.0, 0.0, 5.0 ],
			"to": [ 17.0, 16.0, 11.0 ],
			"rotationOrigin": [ 16.0, 0.0, 5.0 ],
			"faces": {
				"north": { "texture": "#plank", "uv": [ 0.0, 10.5, 16.0, 11.5 ], "rotation": 90 },
				"east": { "texture": "#plank", "uv": [ 0.0, 5.5, 16.0, 11.5 ], "rotation": 90 },
				"south": { "texture": "#plank", "uv": [ 0.0, 10.5, 16.0, 11.5 ], "rotation": 90 },
				"west": { "texture": "#plank", "uv": [ 0.0, 5.5, 16.0, 11.5 ], "rotation": 270 },
				"up": { "texture": "#plank", "uv": [ 4.5, 5.0, 10.5, 6.0 ], "rotation": 90 },
				"down": { "texture": "#plank", "uv": [ 6.0, 5.0, 12.0, 6.0 ], "rotation": 90 }
			}
		},
		{
			"name": "Post3",
			"from": [ -2.0, 14.0, 7.5 ],
			"to": [ 8.0, 15.0, 8.5 ],
			"rotationOrigin": [ -2.0, 14.0, 8.0 ],
			"faces": {
				"north": { "texture": "#plank", "uv": [ 5.5, 3.0, 15.5, 4.0 ] },
				"east": { "texture": "#plank", "uv": [ 0.0, 5.5, 1.0, 6.5 ], "rotation": 90 },
				"south": { "texture": "#plank", "uv": [ 0.0, 5.0, 10.0, 6.0 ] },
				"west": { "texture": "#plank", "uv": [ 0.0, 5.5, 1.0, 6.5 ], "rotation": 180 },
				"up": { "texture": "#plank", "uv": [ 0.0, 4.0, 10.0, 5.0 ] },
				"down": { "texture": "#plank", "uv": [ 0.0, 4.0, 10.0, 5.0 ] }
			}
		},
		{
			"name": "Spindle",
			"from": [ 0.0, 7.0, 6.0 ],
			"to": [ 0.0, 7.0, 6.0 ],
			"rotationOrigin": [ 0.0, 7.0, 6.0 ],
			"faces": {
				"north": { "texture": "#spindle", "uv": [ 0.0, 0.0, 0.5, 0.5 ] },
				"east": { "texture": "#spindle", "uv": [ 0.0, 0.0, 0.5, 0.5 ] },
				"south": { "texture": "#spindle", "uv": [ 0.0, 0.0, 0.5, 0.5 ] },
				"west": { "texture": "#spindle", "uv": [ 0.0, 0.0, 0.5, 0.5 ] },
				"up": { "texture": "#spindle", "uv": [ 0.0, 0.0, 0.5, 0.5 ] },
				"down": { "texture": "#spindle", "uv": [ 0.0, 0.0, 0.5, 0.5 ] }
			},
			"children": [
				{
					"name": "Spindle1",
					"from": [ 0.0, 0.0, 0.0 ],
					"to": [ 16.01, 2.0, 4.0 ],
					"rotationOrigin": [ 0.0, 1.0, 2.0 ],
					"faces": {
						"north": { "texture": "#spindle", "uv": [ 0.0, 2.0, 16.0, 4.0 ] },
						"east": { "texture": "#spindle", "uv": [ 0.0, 3.0, 4.0, 5.0 ] },
						"south": { "texture": "#spindle", "uv": [ 0.0, 1.0, 16.0, 3.0 ] },
						"west": { "texture": "#spindle", "uv": [ 0.0, 4.0, 4.0, 6.0 ] },
						"up": { "texture": "#spindle", "uv": [ 0.0, 12.0, 16.0, 16.0 ] },
						"down": { "texture": "#spindle", "uv": [ 0.0, 2.0, 16.0, 6.0 ] }
					},
					"children": [
						{
							"name": "Spindle2",
							"from": [ 0.01, -1.0, 1.0 ],
							"to": [ 16.0, 3.0, 3.0 ],
							"rotationOrigin": [ 0.0, 1.0, 2.0 ],
							"faces": {
								"north": { "texture": "#spindle", "uv": [ 0.0, 1.0, 14.0, 5.0 ] },
								"east": { "texture": "#spindle", "uv": [ 0.0, 0.0, 2.0, 4.0 ] },
								"south": { "texture": "#spindle", "uv": [ 0.0, 2.0, 14.0, 6.0 ] },
								"west": { "texture": "#spindle", "uv": [ 0.0, 0.0, 2.0, 4.0 ] },
								"up": { "texture": "#spindle", "uv": [ 0.0, 6.0, 14.0, 8.0 ] },
								"down": { "texture": "#spindle", "uv": [ 0.0, 0.0, 11.0, 4.0 ] }
							}
						},
						{
							"name": "Rotator",
							"from": [ 17.0, -1.5, -0.5 ],
							"to": [ 18.01, 3.5, 4.5 ],
							"rotationOrigin": [ 17.0, 1.0, 2.0 ],
							"rotationX": -45.0,
							"faces": {
								"north": { "texture": "#spindle", "uv": [ 5.0, 2.0, 10.0, 3.0 ], "rotation": 90 },
								"east": { "texture": "#spindle", "uv": [ 0.0, 3.0, 5.0, 8.0 ] },
								"south": { "texture": "#spindle", "uv": [ 4.5, 1.5, 9.5, 2.5 ], "rotation": 90 },
								"west": { "texture": "#spindle", "uv": [ 0.0, 4.0, 5.0, 9.0 ] },
								"up": { "texture": "#spindle", "uv": [ 0.0, 11.0, 5.0, 12.0 ], "rotation": 90 },
								"down": { "texture": "#spindle", "uv": [ 0.0, 1.5, 5.0, 2.5 ], "rotation": 90 }
							},
							"children": [
								{
									"name": "Handle",
									"from": [ 1.0, 1.0, 1.0 ],
									"to": [ 4.0, 2.0, 2.0 ],
									"rotationOrigin": [ 1.0, -5.5, -4.5 ],
									"faces": {
										"north": { "texture": "#spindle", "uv": [ 0.0, 2.0, 3.0, 3.0 ] },
										"east": { "texture": "#spindle", "uv": [ 0.0, 3.0, 1.0, 4.0 ] },
										"south": { "texture": "#spindle", "uv": [ 0.0, 1.0, 3.0, 2.0 ] },
										"west": { "texture": "#spindle", "uv": [ 0.0, 4.0, 1.0, 5.0 ] },
										"up": { "texture": "#spindle", "uv": [ 0.0, 12.0, 3.0, 13.0 ] },
										"down": { "texture": "#spindle", "uv": [ 0.0, 2.0, 3.0, 3.0 ] }
									}
								}
							]
						},
						{
							"name": "Rotator2",
							"from": [ 18.01, 1.75, -0.5 ],
							"to": [ 18.51, 2.25, 0.0 ],
							"rotationOrigin": [ 18.0, 4.2, 2.0 ],
							"rotationX": -45.0,
							"faces": {
								"north": { "texture": "#spindle", "uv": [ 0.0, 2.0, 0.5, 2.5 ] },
								"east": { "texture": "#spindle", "uv": [ 0.0, 3.0, 0.5, 3.5 ] },
								"south": { "texture": "#spindle", "uv": [ 0.0, 1.0, 0.5, 1.5 ] },
								"west": { "texture": "#spindle", "uv": [ 0.0, 4.0, 0.5, 4.5 ] },
								"up": { "texture": "#spindle", "uv": [ 0.0, 12.0, 0.5, 12.5 ] },
								"down": { "texture": "#spindle", "uv": [ 0.0, 2.0, 0.5, 2.5 ] }
							}
						},
						{
							"name": "Rotator3",
							"from": [ -2.5, 1.75, -0.5 ],
							"to": [ -2.0, 2.25, 0.0 ],
							"rotationOrigin": [ -2.5, 4.2, 2.0 ],
							"rotationX": -45.0,
							"faces": {
								"north": { "texture": "#spindle", "uv": [ 0.0, 2.0, 0.5, 2.5 ] },
								"east": { "texture": "#spindle", "uv": [ 0.0, 3.0, 0.5, 3.5 ] },
								"south": { "texture": "#spindle", "uv": [ 0.0, 1.0, 0.5, 1.5 ] },
								"west": { "texture": "#spindle", "uv": [ 0.0, 4.0, 0.5, 4.5 ] },
								"up": { "texture": "#spindle", "uv": [ 0.0, 12.0, 0.5, 12.5 ] },
								"down": { "texture": "#spindle", "uv": [ 0.0, 2.0, 0.5, 2.5 ] }
							}
						},
						{
							"name": "Rotator4",
							"from": [ -2.0, -1.5, -0.5 ],
							"to": [ -0.99, 3.5, 4.5 ],
							"rotationOrigin": [ -2.0, 1.0, 2.0 ],
							"rotationX": -45.0,
							"faces": {
								"north": { "texture": "#spindle", "uv": [ 0.0, 2.0, 5.0, 3.0 ], "rotation": 90 },
								"east": { "texture": "#spindle", "uv": [ 5.5, 2.0, 10.5, 7.0 ] },
								"south": { "texture": "#spindle", "uv": [ 0.0, 1.5, 5.0, 2.5 ], "rotation": 90 },
								"west": { "texture": "#spindle", "uv": [ 6.5, 3.5, 11.5, 8.5 ] },
								"up": { "texture": "#spindle", "uv": [ 0.0, 10.5, 5.0, 11.5 ], "rotation": 90 },
								"down": { "texture": "#spindle", "uv": [ 0.0, 2.0, 5.0, 3.0 ], "rotation": 90 }
							},
							"children": [
								{
									"name": "Handle2",
									"from": [ 1.0, 1.0, 1.0 ],
									"to": [ 4.0, 2.0, 2.0 ],
									"rotationOrigin": [ 1.0, -5.5, -4.5 ],
									"faces": {
										"north": { "texture": "#spindle", "uv": [ 0.0, 2.0, 3.0, 3.0 ] },
										"east": { "texture": "#spindle", "uv": [ 0.0, 3.0, 1.0, 4.0 ] },
										"south": { "texture": "#spindle", "uv": [ 0.0, 1.0, 3.0, 2.0 ] },
										"west": { "texture": "#spindle", "uv": [ 0.0, 4.0, 1.0, 5.0 ] },
										"up": { "texture": "#spindle", "uv": [ 0.0, 12.0, 3.0, 13.0 ] },
										"down": { "texture": "#spindle", "uv": [ 0.0, 2.0, 3.0, 3.0 ] }
									}
								}
							]
						},
						{
							"name": "Rotator5",
							"from": [ -2.0, -1.5, -0.5 ],
							"to": [ -0.99, 3.5, 4.5 ],
							"rotationOrigin": [ -2.0, 1.0, 2.0 ],
							"rotationX": -45.0,
							"faces": {
								"north": { "texture": "#spindle", "uv": [ 0.0, 2.0, 5.0, 3.0 ], "rotation": 90 },
								"east": { "texture": "#spindle", "uv": [ 5.5, 2.0, 10.5, 7.0 ] },
								"south": { "texture": "#spindle", "uv": [ 0.0, 1.5, 5.0, 2.5 ], "rotation": 90 },
								"west": { "texture": "#spindle", "uv": [ 6.5, 3.5, 11.5, 8.5 ] },
								"up": { "texture": "#spindle", "uv": [ 0.0, 10.5, 5.0, 11.5 ], "rotation": 90 },
								"down": { "texture": "#spindle", "uv": [ 0.0, 2.0, 5.0, 3.0 ], "rotation": 90 }
							},
							"children": [
								{
									"name": "Handle3",
									"from": [ 1.0, 1.0, 1.0 ],
									"to": [ 4.0, 2.0, 2.0 ],
									"rotationOrigin": [ 1.0, -5.5, -4.5 ],
									"faces": {
										"north": { "texture": "#spindle", "uv": [ 0.0, 2.0, 3.0, 3.0 ] },
										"east": { "texture": "#spindle", "uv": [ 0.0, 3.0, 1.0, 4.0 ] },
										"south": { "texture": "#spindle", "uv": [ 0.0, 1.0, 3.0, 2.0 ] },
										"west": { "texture": "#spindle", "uv": [ 0.0, 4.0, 1.0, 5.0 ] },
										"up": { "texture": "#spindle", "uv": [ 0.0, 12.0, 3.0, 13.0 ] },
										"down": { "texture": "#spindle", "uv": [ 0.0, 2.0, 3.0, 3.0 ] }
									}
								}
							]
						}
					]
				}
			]
		},
		{
			"name": "Post4",
			"from": [ 8.0, 14.0, 7.5 ],
			"to": [ 18.0, 15.0, 8.5 ],
			"rotationOrigin": [ 8.0, 14.0, 8.0 ],
			"faces": {
				"north": { "texture": "#plank", "uv": [ 3.5, 0.5, 13.5, 1.5 ] },
				"east": { "texture": "#plank", "uv": [ 0.0, 5.5, 1.0, 6.5 ], "rotation": 90 },
				"south": { "texture": "#plank", "uv": [ 3.0, 5.0, 13.0, 6.0 ] },
				"west": { "texture": "#plank", "uv": [ 0.0, 5.5, 1.0, 6.5 ], "rotation": 180 },
				"up": { "texture": "#plank", "uv": [ 0.0, 4.0, 10.0, 5.0 ] },
				"down": { "texture": "#plank", "uv": [ 0.0, 4.0, 10.0, 5.0 ] }
			}
		}
	],
	"animations": [
		{
			"name": "AnimateCW",
			"code": "animatecw",
			"quantityframes": 60,
			"onActivityStopped": "Stop",
			"onAnimationEnd": "Hold",
			"keyframes": [
				{
					"frame": 0,
					"elements": {
						"Spindle1": { "rotationX": 0.0, "rotationY": 0.0, "rotationZ": 0.0 }
					}
				},
				{
					"frame": 15,
					"elements": {
						"Spindle1": { "rotationX": 90.0, "rotationY": 0.0, "rotationZ": 0.0 }
					}
				},
				{
					"frame": 30,
					"elements": {
						"Spindle1": { "rotationX": 180.0, "rotationY": 0.0, "rotationZ": 0.0 }
					}
				},
				{
					"frame": 45,
					"elements": {
						"Spindle1": { "rotationX": 270.0, "rotationY": 0.0, "rotationZ": 0.0 }
					}
				},
				{
					"frame": 59,
					"elements": {
						"Spindle1": { "rotationX": 360.0, "rotationY": 0.0, "rotationZ": 0.0 }
					}
				}
			]
		}
	]
}