{
	"editor": {
		"collapsedPaths": ",Root/Spindle/Spindle1/Rotator5,Root/Top/Top1/Top2,Root/Spindle1/Spindle2/Rope,Root/Spindle1/Spindle2/Rope13,Root/Spindle/Spindle1/Spindle2/Rope,Root/Spindle1/Spindle2/Rope14,Root/Spindle1/Spindle2/Rope4,Root/Spindle1/Spindle2/Rope11,Root/Spindle1/Spindle2/Rope5,Root/Spindle1/Spindle2/Rope12,Root/Spindle1/Spindle2/Rope2,Root/Spindle1/Spindle2/Rope3,Root/Spindle1/Spindle2/Rope10,Root/Spindle1/Spindle2/Rope1,Root/Spindle/Spindle1,Root/Spindle1/Rotator,Root/Spindle1/Spindle2/Rope8,Root/Spindle1/Spindle2/Rope9,Root/Spindle1/Spindle2/Rope6,Root/Spindle1/Spindle2/Rope7,Root/Spindle,Root/Top/Top1,Root/Spindle/Spindle1/Rotator,Root/Spindle1/Rotator4,Root/Spindle/Spindle1/Rotator4",
		"allAngles": false,
		"entityTextureMode": false
	},
	"textureWidth": 16,
	"textureHeight": 16,
	"textureSizes": {
		"rope": [32,32],
		"spindle": [16,16],
		"plank": [16,16]
	},
	"textures": {
	},
	"elements": [
		{
			"name": "Top",
			"from": [ 0.0, -1.0, 6.0 ],
			"to": [ 0.0, -1.0, 6.0 ],
			"rotationOrigin": [ 8.0, 0.0, 8.0 ],
			"faces": {
				"north": { "texture": "#spindle", "uv": [ 0.0, 0.0, 0.5, 0.5 ] },
				"east": { "texture": "#spindle", "uv": [ 0.0, 0.0, 0.5, 0.5 ] },
				"south": { "texture": "#spindle", "uv": [ 0.0, 0.0, 0.5, 0.5 ] },
				"west": { "texture": "#spindle", "uv": [ 0.0, 0.0, 0.5, 0.5 ] },
				"up": { "texture": "#spindle", "uv": [ 0.0, 0.0, 0.5, 0.5 ] },
				"down": { "texture": "#spindle", "uv": [ 0.0, 0.0, 0.5, 0.5 ] }
			},
			"children": [
				{
					"name": "Top1",
					"from": [ 0.0, 0.0, 0.0 ],
					"to": [ 16.01, 2.0, 4.0 ],
					"rotationOrigin": [ 0.0, 1.0, 2.0 ],
					"faces": {
						"north": { "texture": "#spindle", "uv": [ 0.0, 2.0, 16.0, 4.0 ] },
						"east": { "texture": "#spindle", "uv": [ 0.0, 3.0, 4.0, 5.0 ] },
						"south": { "texture": "#spindle", "uv": [ 0.0, 1.0, 16.0, 3.0 ] },
						"west": { "texture": "#spindle", "uv": [ 0.0, 4.0, 4.0, 6.0 ] },
						"up": { "texture": "#spindle", "uv": [ 0.0, 12.0, 16.0, 16.0 ] },
						"down": { "texture": "#spindle", "uv": [ 0.0, 2.0, 16.0, 6.0 ] }
					},
					"children": [
						{
							"name": "Top2",
							"from": [ 0.01, -1.0, 1.0 ],
							"to": [ 16.0, 3.0, 3.0 ],
							"rotationOrigin": [ 0.0, 1.0, 2.0 ],
							"faces": {
								"north": { "texture": "#spindle", "uv": [ 0.0, 1.0, 14.0, 5.0 ] },
								"east": { "texture": "#spindle", "uv": [ 0.0, 0.0, 2.0, 4.0 ] },
								"south": { "texture": "#spindle", "uv": [ 0.0, 2.0, 14.0, 6.0 ] },
								"west": { "texture": "#spindle", "uv": [ 0.0, 0.0, 2.0, 4.0 ] },
								"up": { "texture": "#spindle", "uv": [ 0.0, 6.0, 14.0, 8.0 ] },
								"down": { "texture": "#spindle", "uv": [ 0.0, 0.0, 11.0, 4.0 ] }
							},
							"children": [
								{
									"name": "Rope",
									"from": [ 0.0, 0.0, 0.0 ],
									"to": [ 0.0, 0.0, 0.0 ],
									"faces": {
										"north": { "texture": "#spindle", "uv": [ 0.0, 0.0, 0.5, 0.5 ] },
										"east": { "texture": "#spindle", "uv": [ 0.0, 0.0, 0.5, 0.5 ] },
										"south": { "texture": "#spindle", "uv": [ 0.0, 0.0, 0.5, 0.5 ] },
										"west": { "texture": "#spindle", "uv": [ 0.0, 0.0, 0.5, 0.5 ] },
										"up": { "texture": "#spindle", "uv": [ 0.0, 0.0, 0.5, 0.5 ] },
										"down": { "texture": "#spindle", "uv": [ 0.0, 0.0, 0.5, 0.5 ] }
									},
									"children": [
										{
											"name": "Rope1",
											"from": [ 4.0, 1.0, -1.5 ],
											"to": [ 4.5, 3.0, -1.0 ],
											"rotationOrigin": [ 4.25, 2.0, -1.24 ],
											"faces": {
												"north": { "texture": "#rope", "uv": [ 19.5, 12.5, 20.0, 14.5 ] },
												"east": { "texture": "#rope", "uv": [ 14.0, 13.0, 14.5, 15.0 ] },
												"south": { "texture": "#rope", "uv": [ 28.5, 6.5, 29.0, 8.5 ] },
												"west": { "texture": "#rope", "uv": [ 5.5, 16.0, 6.0, 18.0 ] },
												"up": { "texture": "#rope", "uv": [ 21.5, 15.0, 22.0, 15.5 ] },
												"down": { "texture": "#rope", "uv": [ 9.5, 6.0, 10.0, 6.5 ] }
											},
											"children": [
												{
													"name": "Rope1-1",
													"from": [ -0.001, 1.6, -0.165 ],
													"to": [ 0.509, 3.6, 0.335 ],
													"rotationOrigin": [ 0.25, 1.6, 0.4 ],
													"rotationX": 45.0,
													"faces": {
														"north": { "texture": "#rope", "uv": [ 3.5, 17.5, 4.0, 19.5 ] },
														"east": { "texture": "#rope", "uv": [ 18.0, 10.5, 18.5, 12.5 ] },
														"south": { "texture": "#rope", "uv": [ 14.0, 13.0, 14.5, 15.0 ] },
														"west": { "texture": "#rope", "uv": [ 7.0, 13.0, 7.5, 15.0 ] },
														"up": { "texture": "#rope", "uv": [ 17.5, 10.5, 18.0, 11.0 ] },
														"down": { "texture": "#rope", "uv": [ 17.0, 6.0, 17.5, 6.5 ] }
													}
												},
												{
													"name": "Rope1-2",
													"from": [ 0.0, 0.4, -0.165 ],
													"to": [ 0.511, 2.4, 0.335 ],
													"rotationOrigin": [ 0.251, 0.4, 0.4 ],
													"rotationX": -45.0,
													"rotationZ": 180.0,
													"faces": {
														"north": { "texture": "#rope", "uv": [ 11.5, 15.5, 12.0, 17.5 ], "rotation": 180 },
														"east": { "texture": "#rope", "uv": [ 27.5, 8.5, 28.0, 10.5 ], "rotation": 180 },
														"south": { "texture": "#rope", "uv": [ 13.0, 2.5, 13.5, 4.5 ], "rotation": 180 },
														"west": { "texture": "#rope", "uv": [ 11.0, 22.5, 11.5, 24.5 ], "rotation": 180 },
														"up": { "texture": "#rope", "uv": [ 26.5, 17.5, 27.0, 18.0 ], "rotation": 180 },
														"down": { "texture": "#rope", "uv": [ 19.5, 9.5, 20.0, 10.0 ], "rotation": 180 }
													}
												},
												{
													"name": "Rope1-3",
													"from": [ 0.0, 0.0, 5.5 ],
													"to": [ 0.5, 2.0, 6.0 ],
													"rotationOrigin": [ 0.25, 1.0, 5.26 ],
													"rotationX": 180.0,
													"faces": {
														"north": { "texture": "#rope", "uv": [ 7.5, 14.0, 8.0, 16.0 ] },
														"east": { "texture": "#rope", "uv": [ 19.5, 14.5, 20.0, 16.5 ] },
														"south": { "texture": "#rope", "uv": [ 8.5, 22.5, 9.0, 24.5 ] },
														"west": { "texture": "#rope", "uv": [ 27.5, 4.5, 28.0, 6.5 ] },
														"up": { "texture": "#rope", "uv": [ 1.5, 20.0, 2.0, 20.5 ] },
														"down": { "texture": "#rope", "uv": [ 26.5, 8.5, 27.0, 9.0 ] }
													}
												},
												{
													"name": "Rope1-4",
													"from": [ -0.001, 0.4, 4.055 ],
													"to": [ 0.509, 2.4, 4.555 ],
													"rotationOrigin": [ 0.25, 0.4, 4.62 ],
													"rotationX": -135.0,
													"faces": {
														"north": { "texture": "#rope", "uv": [ 9.0, 15.0, 9.5, 17.0 ] },
														"east": { "texture": "#rope", "uv": [ 10.0, 15.0, 10.5, 17.0 ] },
														"south": { "texture": "#rope", "uv": [ 13.5, 19.5, 14.0, 21.5 ] },
														"west": { "texture": "#rope", "uv": [ 24.5, 4.5, 25.0, 6.5 ] },
														"up": { "texture": "#rope", "uv": [ 5.5, 18.5, 6.0, 19.0 ] },
														"down": { "texture": "#rope", "uv": [ 23.0, 12.0, 23.5, 12.5 ] }
													}
												},
												{
													"name": "Rope1-5",
													"from": [ 0.0, 1.6, 4.055 ],
													"to": [ 0.511, 3.6, 4.555 ],
													"rotationOrigin": [ 0.251, 1.6, 4.62 ],
													"rotationX": 135.0,
													"rotationZ": -180.0,
													"faces": {
														"north": { "texture": "#rope", "uv": [ 9.0, 16.0, 9.5, 18.0 ], "rotation": 180 },
														"east": { "texture": "#rope", "uv": [ 9.5, 15.0, 10.0, 17.0 ], "rotation": 180 },
														"south": { "texture": "#rope", "uv": [ 23.5, 5.5, 24.0, 7.5 ], "rotation": 180 },
														"west": { "texture": "#rope", "uv": [ 6.0, 19.0, 6.5, 21.0 ], "rotation": 180 },
														"up": { "texture": "#rope", "uv": [ 28.0, 10.5, 28.5, 11.0 ], "rotation": 180 },
														"down": { "texture": "#rope", "uv": [ 9.5, 18.5, 10.0, 19.0 ], "rotation": 180 }
													}
												},
												{
													"name": "Rope1-6",
													"from": [ 0.0, 1.59, 3.92 ],
													"to": [ 0.5, 2.09, 6.109 ],
													"rotationOrigin": [ 0.25, 2.5, 3.76 ],
													"rotationX": 180.0,
													"faces": {
														"north": { "texture": "#rope", "uv": [ 6.5, 22.5, 7.0, 23.0 ] },
														"east": { "texture": "#rope", "uv": [ 22.0, 6.5, 24.0, 7.0 ] },
														"south": { "texture": "#rope", "uv": [ 9.5, 20.5, 10.0, 21.0 ] },
														"west": { "texture": "#rope", "uv": [ 3.0, 10.0, 5.0, 10.5 ] },
														"up": { "texture": "#rope", "uv": [ 24.0, 11.5, 24.5, 13.5 ] },
														"down": { "texture": "#rope", "uv": [ 19.5, 12.0, 20.0, 14.0 ] }
													}
												},
												{
													"name": "Rope1-7",
													"from": [ 0.0, -2.686, 3.92 ],
													"to": [ 0.5, -2.186, 6.109 ],
													"rotationOrigin": [ 0.25, -1.8, 3.76 ],
													"rotationX": 180.0,
													"faces": {
														"north": { "texture": "#rope", "uv": [ 5.5, 12.0, 6.0, 12.5 ], "rotation": 180 },
														"east": { "texture": "#rope", "uv": [ 19.0, 5.0, 21.0, 5.5 ], "rotation": 180 },
														"south": { "texture": "#rope", "uv": [ 6.0, 14.5, 6.5, 15.0 ], "rotation": 180 },
														"west": { "texture": "#rope", "uv": [ 4.5, 17.0, 6.5, 17.5 ], "rotation": 180 },
														"up": { "texture": "#rope", "uv": [ 4.5, 13.5, 5.0, 15.5 ], "rotation": 180 },
														"down": { "texture": "#rope", "uv": [ 22.5, 8.0, 23.0, 10.0 ], "rotation": 180 }
													}
												}
											]
										},
										{
											"name": "Rope2",
											"from": [ 4.5, 1.0, -1.5 ],
											"to": [ 5.0, 3.0, -1.0 ],
											"rotationOrigin": [ 4.75, 2.0, -1.24 ],
											"rotationY": 6.0,
											"faces": {
												"north": { "texture": "#rope", "uv": [ 11.0, 14.0, 11.5, 16.0 ] },
												"east": { "texture": "#rope", "uv": [ 16.5, 28.0, 17.0, 30.0 ] },
												"south": { "texture": "#rope", "uv": [ 28.0, 3.5, 28.5, 5.5 ] },
												"west": { "texture": "#rope", "uv": [ 29.0, 9.5, 29.5, 11.5 ] },
												"up": { "texture": "#rope", "uv": [ 10.5, 24.0, 11.0, 24.5 ] },
												"down": { "texture": "#rope", "uv": [ 20.5, 6.0, 21.0, 6.5 ] }
											},
											"children": [
												{
													"name": "Rope2-1",
													"from": [ -0.001, 1.6, -0.165 ],
													"to": [ 0.509, 3.6, 0.335 ],
													"rotationOrigin": [ 0.25, 1.6, 0.4 ],
													"rotationX": 45.0,
													"faces": {
														"north": { "texture": "#rope", "uv": [ 25.5, 14.0, 26.0, 16.0 ] },
														"east": { "texture": "#rope", "uv": [ 14.5, 17.5, 15.0, 19.5 ] },
														"south": { "texture": "#rope", "uv": [ 9.0, 21.0, 9.5, 23.0 ] },
														"west": { "texture": "#rope", "uv": [ 27.5, 9.0, 28.0, 11.0 ] },
														"up": { "texture": "#rope", "uv": [ 9.0, 10.0, 9.5, 10.5 ] },
														"down": { "texture": "#rope", "uv": [ 5.5, 13.0, 6.0, 13.5 ] }
													}
												},
												{
													"name": "Rope2-2",
													"from": [ 0.0, 0.4, -0.165 ],
													"to": [ 0.511, 2.4, 0.335 ],
													"rotationOrigin": [ 0.251, 0.4, 0.4 ],
													"rotationX": -45.0,
													"rotationZ": 180.0,
													"faces": {
														"north": { "texture": "#rope", "uv": [ 4.0, 0.5, 4.5, 2.5 ], "rotation": 180 },
														"east": { "texture": "#rope", "uv": [ 6.0, 6.0, 6.5, 8.0 ], "rotation": 180 },
														"south": { "texture": "#rope", "uv": [ 4.5, 4.5, 5.0, 6.5 ], "rotation": 180 },
														"west": { "texture": "#rope", "uv": [ 8.5, 3.0, 9.0, 5.0 ], "rotation": 180 },
														"up": { "texture": "#rope", "uv": [ 7.0, 5.0, 7.5, 5.5 ], "rotation": 180 },
														"down": { "texture": "#rope", "uv": [ 7.5, 2.0, 8.0, 2.5 ], "rotation": 180 }
													}
												},
												{
													"name": "Rope2-3",
													"from": [ 0.0, 0.0, 5.5 ],
													"to": [ 0.5, 2.0, 6.0 ],
													"rotationOrigin": [ 0.25, 1.0, 5.26 ],
													"rotationX": 180.0,
													"faces": {
														"north": { "texture": "#rope", "uv": [ 3.0, 6.5, 3.5, 8.5 ] },
														"east": { "texture": "#rope", "uv": [ 0.0, 13.5, 0.5, 15.5 ] },
														"south": { "texture": "#rope", "uv": [ 0.5, 3.5, 1.0, 5.5 ] },
														"west": { "texture": "#rope", "uv": [ 6.0, 11.0, 6.5, 13.0 ] },
														"up": { "texture": "#rope", "uv": [ 6.5, 12.0, 7.0, 12.5 ] },
														"down": { "texture": "#rope", "uv": [ 6.0, 8.0, 6.5, 8.5 ] }
													}
												},
												{
													"name": "Rope2-4",
													"from": [ -0.001, 0.4, 4.055 ],
													"to": [ 0.509, 2.4, 4.555 ],
													"rotationOrigin": [ 0.25, 0.4, 4.62 ],
													"rotationX": -135.0,
													"faces": {
														"north": { "texture": "#rope", "uv": [ 8.0, 7.0, 8.5, 9.0 ] },
														"east": { "texture": "#rope", "uv": [ 15.5, 10.5, 16.0, 12.5 ] },
														"south": { "texture": "#rope", "uv": [ 10.5, 13.5, 11.0, 15.5 ] },
														"west": { "texture": "#rope", "uv": [ 16.5, 12.5, 17.0, 14.5 ] },
														"up": { "texture": "#rope", "uv": [ 11.5, 11.0, 12.0, 11.5 ] },
														"down": { "texture": "#rope", "uv": [ 13.5, 12.0, 14.0, 12.5 ] }
													}
												},
												{
													"name": "Rope2-5",
													"from": [ 0.0, 1.6, 4.055 ],
													"to": [ 0.511, 3.6, 4.555 ],
													"rotationOrigin": [ 0.251, 1.6, 4.62 ],
													"rotationX": 135.0,
													"rotationZ": -180.0,
													"faces": {
														"north": { "texture": "#rope", "uv": [ 8.5, 10.0, 9.0, 12.0 ], "rotation": 180 },
														"east": { "texture": "#rope", "uv": [ 11.0, 4.5, 11.5, 6.5 ], "rotation": 180 },
														"south": { "texture": "#rope", "uv": [ 25.0, 18.0, 25.5, 20.0 ], "rotation": 180 },
														"west": { "texture": "#rope", "uv": [ 14.0, 8.5, 14.5, 10.5 ], "rotation": 180 },
														"up": { "texture": "#rope", "uv": [ 20.5, 12.5, 21.0, 13.0 ], "rotation": 180 },
														"down": { "texture": "#rope", "uv": [ 2.5, 2.0, 3.0, 2.5 ], "rotation": 180 }
													}
												},
												{
													"name": "Rope2-6",
													"from": [ 0.0, 1.59, 3.92 ],
													"to": [ 0.5, 2.09, 6.109 ],
													"rotationOrigin": [ 0.25, 2.5, 3.76 ],
													"rotationX": 180.0,
													"faces": {
														"north": { "texture": "#rope", "uv": [ 1.5, 1.0, 2.0, 1.5 ] },
														"east": { "texture": "#rope", "uv": [ 0.0, 2.0, 2.0, 2.5 ] },
														"south": { "texture": "#rope", "uv": [ 1.5, 0.5, 2.0, 1.0 ] },
														"west": { "texture": "#rope", "uv": [ 0.5, 2.0, 2.5, 2.5 ] },
														"up": { "texture": "#rope", "uv": [ 5.5, 2.5, 6.0, 4.5 ] },
														"down": { "texture": "#rope", "uv": [ 9.5, 7.0, 10.0, 9.0 ] }
													}
												},
												{
													"name": "Rope2-7",
													"from": [ 0.0, -2.686, 3.92 ],
													"to": [ 0.5, -2.186, 6.109 ],
													"rotationOrigin": [ 0.25, -1.8, 3.76 ],
													"rotationX": 180.0,
													"faces": {
														"north": { "texture": "#rope", "uv": [ 9.0, 2.5, 9.5, 3.0 ], "rotation": 180 },
														"east": { "texture": "#rope", "uv": [ 9.5, 9.5, 11.5, 10.0 ], "rotation": 180 },
														"south": { "texture": "#rope", "uv": [ 9.0, 12.5, 9.5, 13.0 ], "rotation": 180 },
														"west": { "texture": "#rope", "uv": [ 10.0, 10.0, 12.0, 10.5 ], "rotation": 180 },
														"up": { "texture": "#rope", "uv": [ 11.0, 13.0, 11.5, 15.0 ], "rotation": 180 },
														"down": { "texture": "#rope", "uv": [ 8.0, 7.5, 8.5, 9.5 ], "rotation": 180 }
													}
												}
											]
										},
										{
											"name": "Rope3",
											"from": [ 5.6, 1.0, -1.5 ],
											"to": [ 6.1, 3.0, -1.0 ],
											"rotationOrigin": [ 5.85, 2.0, -1.24 ],
											"rotationY": -9.0,
											"faces": {
												"north": { "texture": "#rope", "uv": [ 9.0, 8.0, 9.5, 10.0 ] },
												"east": { "texture": "#rope", "uv": [ 9.0, 8.0, 9.5, 10.0 ] },
												"south": { "texture": "#rope", "uv": [ 1.5, 6.0, 2.0, 8.0 ] },
												"west": { "texture": "#rope", "uv": [ 5.5, 10.5, 6.0, 12.5 ] },
												"up": { "texture": "#rope", "uv": [ 2.5, 12.0, 3.0, 12.5 ] },
												"down": { "texture": "#rope", "uv": [ 3.5, 8.0, 4.0, 8.5 ] }
											},
											"children": [
												{
													"name": "Rope2-8",
													"from": [ -0.001, 1.6, -0.165 ],
													"to": [ 0.509, 3.6, 0.335 ],
													"rotationOrigin": [ 0.25, 1.6, 0.4 ],
													"rotationX": 45.0,
													"faces": {
														"north": { "texture": "#rope", "uv": [ 15.5, 3.0, 16.0, 5.0 ] },
														"east": { "texture": "#rope", "uv": [ 15.5, 10.5, 16.0, 12.5 ] },
														"south": { "texture": "#rope", "uv": [ 13.5, 11.5, 14.0, 13.5 ] },
														"west": { "texture": "#rope", "uv": [ 5.5, 7.5, 6.0, 9.5 ] },
														"up": { "texture": "#rope", "uv": [ 11.5, 14.0, 12.0, 14.5 ] },
														"down": { "texture": "#rope", "uv": [ 11.0, 13.0, 11.5, 13.5 ] }
													}
												},
												{
													"name": "Rope2-9",
													"from": [ 0.0, 0.4, -0.165 ],
													"to": [ 0.511, 2.4, 0.335 ],
													"rotationOrigin": [ 0.251, 0.4, 0.4 ],
													"rotationX": -45.0,
													"rotationZ": 180.0,
													"faces": {
														"north": { "texture": "#rope", "uv": [ 15.5, 6.0, 16.0, 8.0 ], "rotation": 180 },
														"east": { "texture": "#rope", "uv": [ 18.5, 25.5, 19.0, 27.5 ], "rotation": 180 },
														"south": { "texture": "#rope", "uv": [ 15.5, 6.0, 16.0, 8.0 ], "rotation": 180 },
														"west": { "texture": "#rope", "uv": [ 7.0, 11.5, 7.5, 13.5 ], "rotation": 180 },
														"up": { "texture": "#rope", "uv": [ 14.5, 8.5, 15.0, 9.0 ], "rotation": 180 },
														"down": { "texture": "#rope", "uv": [ 19.0, 8.5, 19.5, 9.0 ], "rotation": 180 }
													}
												},
												{
													"name": "Rope2-10",
													"from": [ 0.0, 0.0, 5.5 ],
													"to": [ 0.5, 2.0, 6.0 ],
													"rotationOrigin": [ 0.25, 1.0, 5.26 ],
													"rotationX": 180.0,
													"faces": {
														"north": { "texture": "#rope", "uv": [ 15.5, 4.5, 16.0, 6.5 ] },
														"east": { "texture": "#rope", "uv": [ 15.0, 11.0, 15.5, 13.0 ] },
														"south": { "texture": "#rope", "uv": [ 14.0, 8.5, 14.5, 10.5 ] },
														"west": { "texture": "#rope", "uv": [ 10.0, 5.5, 10.5, 7.5 ] },
														"up": { "texture": "#rope", "uv": [ 13.5, 10.0, 14.0, 10.5 ] },
														"down": { "texture": "#rope", "uv": [ 20.5, 7.5, 21.0, 8.0 ] }
													}
												},
												{
													"name": "Rope2-11",
													"from": [ -0.001, 0.4, 4.055 ],
													"to": [ 0.509, 2.4, 4.555 ],
													"rotationOrigin": [ 0.25, 0.4, 4.62 ],
													"rotationX": -135.0,
													"faces": {
														"north": { "texture": "#rope", "uv": [ 18.5, 5.5, 19.0, 7.5 ] },
														"east": { "texture": "#rope", "uv": [ 10.0, 10.5, 10.5, 12.5 ] },
														"south": { "texture": "#rope", "uv": [ 6.0, 13.0, 6.5, 15.0 ] },
														"west": { "texture": "#rope", "uv": [ 10.0, 13.5, 10.5, 15.5 ] },
														"up": { "texture": "#rope", "uv": [ 16.0, 15.0, 16.5, 15.5 ] },
														"down": { "texture": "#rope", "uv": [ 14.0, 11.0, 14.5, 11.5 ] }
													}
												},
												{
													"name": "Rope2-12",
													"from": [ 0.0, 1.6, 4.055 ],
													"to": [ 0.511, 3.6, 4.555 ],
													"rotationOrigin": [ 0.251, 1.6, 4.62 ],
													"rotationX": 135.0,
													"rotationZ": -180.0,
													"faces": {
														"north": { "texture": "#rope", "uv": [ 17.0, 12.5, 17.5, 14.5 ], "rotation": 180 },
														"east": { "texture": "#rope", "uv": [ 10.0, 14.5, 10.5, 16.5 ], "rotation": 180 },
														"south": { "texture": "#rope", "uv": [ 4.5, 6.5, 5.0, 8.5 ], "rotation": 180 },
														"west": { "texture": "#rope", "uv": [ 15.0, 11.0, 15.5, 13.0 ], "rotation": 180 },
														"up": { "texture": "#rope", "uv": [ 15.0, 12.5, 15.5, 13.0 ], "rotation": 180 },
														"down": { "texture": "#rope", "uv": [ 11.0, 6.0, 11.5, 6.5 ], "rotation": 180 }
													}
												},
												{
													"name": "Rope2-13",
													"from": [ 0.0, 1.595, 3.92 ],
													"to": [ 0.5, 2.095, 6.109 ],
													"rotationOrigin": [ 0.25, 2.5, 3.76 ],
													"rotationX": 180.0,
													"faces": {
														"north": { "texture": "#rope", "uv": [ 13.5, 6.5, 14.0, 7.0 ] },
														"east": { "texture": "#rope", "uv": [ 16.0, 19.5, 18.0, 20.0 ] },
														"south": { "texture": "#rope", "uv": [ 8.5, 10.0, 9.0, 10.5 ] },
														"west": { "texture": "#rope", "uv": [ 14.5, 11.5, 16.5, 12.0 ] },
														"up": { "texture": "#rope", "uv": [ 14.5, 9.0, 15.0, 11.0 ] },
														"down": { "texture": "#rope", "uv": [ 10.0, 2.0, 10.5, 4.0 ] }
													}
												},
												{
													"name": "Rope2-14",
													"from": [ 0.0, -2.686, 3.92 ],
													"to": [ 0.5, -2.186, 6.109 ],
													"rotationOrigin": [ 0.25, -1.8, 3.76 ],
													"rotationX": 180.0,
													"faces": {
														"north": { "texture": "#rope", "uv": [ 27.5, 17.5, 28.0, 18.0 ], "rotation": 180 },
														"east": { "texture": "#rope", "uv": [ 10.0, 18.0, 12.0, 18.5 ], "rotation": 180 },
														"south": { "texture": "#rope", "uv": [ 26.0, 4.0, 26.5, 4.5 ], "rotation": 180 },
														"west": { "texture": "#rope", "uv": [ 16.5, 12.0, 18.5, 12.5 ], "rotation": 180 },
														"up": { "texture": "#rope", "uv": [ 13.5, 13.5, 14.0, 15.5 ], "rotation": 180 },
														"down": { "texture": "#rope", "uv": [ 17.0, 9.5, 17.5, 11.5 ], "rotation": 180 }
													}
												}
											]
										},
										{
											"name": "Rope4",
											"from": [ 6.1, 1.0, -1.5 ],
											"to": [ 6.6, 3.0, -1.0 ],
											"rotationOrigin": [ 6.35, 2.0, -1.24 ],
											"faces": {
												"north": { "texture": "#rope", "uv": [ 13.5, 9.0, 14.0, 11.0 ] },
												"east": { "texture": "#rope", "uv": [ 7.5, 11.0, 8.0, 13.0 ] },
												"south": { "texture": "#rope", "uv": [ 11.5, 14.5, 12.0, 16.5 ] },
												"west": { "texture": "#rope", "uv": [ 7.0, 15.5, 7.5, 17.5 ] },
												"up": { "texture": "#rope", "uv": [ 9.5, 18.0, 10.0, 18.5 ] },
												"down": { "texture": "#rope", "uv": [ 10.5, 7.5, 11.0, 8.0 ] }
											},
											"children": [
												{
													"name": "Rope2-15",
													"from": [ -0.001, 1.6, -0.165 ],
													"to": [ 0.509, 3.6, 0.335 ],
													"rotationOrigin": [ 0.25, 1.6, 0.4 ],
													"rotationX": 45.0,
													"faces": {
														"north": { "texture": "#rope", "uv": [ 12.5, 4.0, 13.0, 6.0 ] },
														"east": { "texture": "#rope", "uv": [ 8.5, 20.0, 9.0, 22.0 ] },
														"south": { "texture": "#rope", "uv": [ 3.0, 15.0, 3.5, 17.0 ] },
														"west": { "texture": "#rope", "uv": [ 5.0, 13.5, 5.5, 15.5 ] },
														"up": { "texture": "#rope", "uv": [ 6.0, 14.5, 6.5, 15.0 ] },
														"down": { "texture": "#rope", "uv": [ 9.5, 12.0, 10.0, 12.5 ] }
													}
												},
												{
													"name": "Rope2-16",
													"from": [ 0.0, 0.4, -0.165 ],
													"to": [ 0.511, 2.4, 0.335 ],
													"rotationOrigin": [ 0.251, 0.4, 0.4 ],
													"rotationX": -45.0,
													"rotationZ": 180.0,
													"faces": {
														"north": { "texture": "#rope", "uv": [ 13.5, 12.5, 14.0, 14.5 ], "rotation": 180 },
														"east": { "texture": "#rope", "uv": [ 11.5, 19.5, 12.0, 21.5 ], "rotation": 180 },
														"south": { "texture": "#rope", "uv": [ 2.0, 17.5, 2.5, 19.5 ], "rotation": 180 },
														"west": { "texture": "#rope", "uv": [ 10.5, 14.0, 11.0, 16.0 ], "rotation": 180 },
														"up": { "texture": "#rope", "uv": [ 4.5, 10.0, 5.0, 10.5 ], "rotation": 180 },
														"down": { "texture": "#rope", "uv": [ 11.5, 6.0, 12.0, 6.5 ], "rotation": 180 }
													}
												},
												{
													"name": "Rope2-17",
													"from": [ 0.0, 0.0, 5.5 ],
													"to": [ 0.5, 2.0, 6.0 ],
													"rotationOrigin": [ 0.25, 1.0, 5.26 ],
													"rotationX": 180.0,
													"faces": {
														"north": { "texture": "#rope", "uv": [ 18.5, 0.5, 19.0, 2.5 ] },
														"east": { "texture": "#rope", "uv": [ 25.0, 4.5, 25.5, 6.5 ] },
														"south": { "texture": "#rope", "uv": [ 14.5, 3.5, 15.0, 5.5 ] },
														"west": { "texture": "#rope", "uv": [ 15.0, 8.0, 15.5, 10.0 ] },
														"up": { "texture": "#rope", "uv": [ 13.5, 3.0, 14.0, 3.5 ] },
														"down": { "texture": "#rope", "uv": [ 9.5, 3.5, 10.0, 4.0 ] }
													}
												},
												{
													"name": "Rope2-18",
													"from": [ -0.001, 0.4, 4.055 ],
													"to": [ 0.509, 2.4, 4.555 ],
													"rotationOrigin": [ 0.25, 0.4, 4.62 ],
													"rotationX": -135.0,
													"faces": {
														"north": { "texture": "#rope", "uv": [ 29.0, 4.0, 29.5, 6.0 ] },
														"east": { "texture": "#rope", "uv": [ 17.5, 6.5, 18.0, 8.5 ] },
														"south": { "texture": "#rope", "uv": [ 13.5, 3.5, 14.0, 5.5 ] },
														"west": { "texture": "#rope", "uv": [ 19.5, 8.5, 20.0, 10.5 ] },
														"up": { "texture": "#rope", "uv": [ 9.5, 6.5, 10.0, 7.0 ] },
														"down": { "texture": "#rope", "uv": [ 18.0, 8.5, 18.5, 9.0 ] }
													}
												},
												{
													"name": "Rope2-19",
													"from": [ 0.0, 1.6, 4.055 ],
													"to": [ 0.511, 3.6, 4.555 ],
													"rotationOrigin": [ 0.251, 1.6, 4.62 ],
													"rotationX": 135.0,
													"rotationZ": -180.0,
													"faces": {
														"north": { "texture": "#rope", "uv": [ 22.5, 6.5, 23.0, 8.5 ], "rotation": 180 },
														"east": { "texture": "#rope", "uv": [ 13.5, 16.5, 14.0, 18.5 ], "rotation": 180 },
														"south": { "texture": "#rope", "uv": [ 13.0, 12.5, 13.5, 14.5 ], "rotation": 180 },
														"west": { "texture": "#rope", "uv": [ 9.0, 10.0, 9.5, 12.0 ], "rotation": 180 },
														"up": { "texture": "#rope", "uv": [ 11.0, 5.5, 11.5, 6.0 ], "rotation": 180 },
														"down": { "texture": "#rope", "uv": [ 16.0, 6.0, 16.5, 6.5 ], "rotation": 180 }
													}
												},
												{
													"name": "Rope2-20",
													"from": [ 0.0, 1.59, 3.92 ],
													"to": [ 0.5, 2.09, 6.109 ],
													"rotationOrigin": [ 0.25, 2.5, 3.76 ],
													"rotationX": 180.0,
													"faces": {
														"north": { "texture": "#rope", "uv": [ 9.5, 6.0, 10.0, 6.5 ] },
														"east": { "texture": "#rope", "uv": [ 6.5, 12.5, 8.5, 13.0 ] },
														"south": { "texture": "#rope", "uv": [ 15.5, 2.5, 16.0, 3.0 ] },
														"west": { "texture": "#rope", "uv": [ 4.0, 2.0, 6.0, 2.5 ] },
														"up": { "texture": "#rope", "uv": [ 8.0, 3.5, 8.5, 5.5 ] },
														"down": { "texture": "#rope", "uv": [ 6.5, 3.0, 7.0, 5.0 ] }
													}
												},
												{
													"name": "Rope2-21",
													"from": [ 0.0, -2.686, 3.92 ],
													"to": [ 0.5, -2.186, 6.109 ],
													"rotationOrigin": [ 0.25, -1.8, 3.76 ],
													"rotationX": 180.0,
													"faces": {
														"north": { "texture": "#rope", "uv": [ 7.5, 2.5, 8.0, 3.0 ], "rotation": 180 },
														"east": { "texture": "#rope", "uv": [ 5.0, 4.0, 7.0, 4.5 ], "rotation": 180 },
														"south": { "texture": "#rope", "uv": [ 2.0, 4.5, 2.5, 5.0 ], "rotation": 180 },
														"west": { "texture": "#rope", "uv": [ 2.5, 1.0, 4.5, 1.5 ], "rotation": 180 },
														"up": { "texture": "#rope", "uv": [ 1.0, 1.0, 1.5, 3.0 ], "rotation": 180 },
														"down": { "texture": "#rope", "uv": [ 4.5, 9.0, 5.0, 11.0 ], "rotation": 180 }
													}
												}
											]
										},
										{
											"name": "Rope5",
											"from": [ 6.5, 1.0, -1.5 ],
											"to": [ 7.0, 3.0, -1.0 ],
											"rotationOrigin": [ 6.75, 2.0, -1.24 ],
											"rotationY": 9.0,
											"faces": {
												"north": { "texture": "#rope", "uv": [ 10.5, 11.5, 11.0, 13.5 ] },
												"east": { "texture": "#rope", "uv": [ 11.5, 20.0, 12.0, 22.0 ] },
												"south": { "texture": "#rope", "uv": [ 9.5, 10.5, 10.0, 12.5 ] },
												"west": { "texture": "#rope", "uv": [ 3.5, 14.0, 4.0, 16.0 ] },
												"up": { "texture": "#rope", "uv": [ 4.0, 10.0, 4.5, 10.5 ] },
												"down": { "texture": "#rope", "uv": [ 8.5, 12.0, 9.0, 12.5 ] }
											},
											"children": [
												{
													"name": "Rope2-22",
													"from": [ -0.001, 1.6, -0.165 ],
													"to": [ 0.509, 3.6, 0.335 ],
													"rotationOrigin": [ 0.25, 1.6, 0.4 ],
													"rotationX": 45.0,
													"faces": {
														"north": { "texture": "#rope", "uv": [ 4.0, 3.5, 4.5, 5.5 ] },
														"east": { "texture": "#rope", "uv": [ 5.5, 4.5, 6.0, 6.5 ] },
														"south": { "texture": "#rope", "uv": [ 3.0, 3.0, 3.5, 5.0 ] },
														"west": { "texture": "#rope", "uv": [ 6.0, 8.5, 6.5, 10.5 ] },
														"up": { "texture": "#rope", "uv": [ 0.5, 2.5, 1.0, 3.0 ] },
														"down": { "texture": "#rope", "uv": [ 0.0, 4.0, 0.5, 4.5 ] }
													}
												},
												{
													"name": "Rope2-23",
													"from": [ 0.0, 0.4, -0.165 ],
													"to": [ 0.511, 2.4, 0.335 ],
													"rotationOrigin": [ 0.251, 0.4, 0.4 ],
													"rotationX": -45.0,
													"rotationZ": 180.0,
													"faces": {
														"north": { "texture": "#rope", "uv": [ 1.0, 2.0, 1.5, 4.0 ], "rotation": 180 },
														"east": { "texture": "#rope", "uv": [ 0.5, 2.5, 1.0, 4.5 ], "rotation": 180 },
														"south": { "texture": "#rope", "uv": [ 1.5, 4.5, 2.0, 6.5 ], "rotation": 180 },
														"west": { "texture": "#rope", "uv": [ 0.0, 2.0, 0.5, 4.0 ], "rotation": 180 },
														"up": { "texture": "#rope", "uv": [ 0.0, 1.5, 0.5, 2.0 ], "rotation": 180 },
														"down": { "texture": "#rope", "uv": [ 0.0, 0.5, 0.5, 1.0 ], "rotation": 180 }
													}
												},
												{
													"name": "Rope2-24",
													"from": [ 0.0, 0.0, 5.5 ],
													"to": [ 0.5, 2.0, 6.0 ],
													"rotationOrigin": [ 0.25, 1.0, 5.26 ],
													"rotationX": 180.0,
													"faces": {
														"north": { "texture": "#rope", "uv": [ 14.0, 4.0, 14.5, 6.0 ] },
														"east": { "texture": "#rope", "uv": [ 8.5, 16.5, 9.0, 18.5 ] },
														"south": { "texture": "#rope", "uv": [ 16.0, 6.0, 16.5, 8.0 ] },
														"west": { "texture": "#rope", "uv": [ 8.0, 12.5, 8.5, 14.5 ] },
														"up": { "texture": "#rope", "uv": [ 10.0, 7.0, 10.5, 7.5 ] },
														"down": { "texture": "#rope", "uv": [ 9.5, 11.0, 10.0, 11.5 ] }
													}
												},
												{
													"name": "Rope2-25",
													"from": [ -0.001, 0.4, 4.055 ],
													"to": [ 0.509, 2.4, 4.555 ],
													"rotationOrigin": [ 0.25, 0.4, 4.62 ],
													"rotationX": -135.0,
													"faces": {
														"north": { "texture": "#rope", "uv": [ 14.5, 10.0, 15.0, 12.0 ] },
														"east": { "texture": "#rope", "uv": [ 15.0, 25.0, 15.5, 27.0 ] },
														"south": { "texture": "#rope", "uv": [ 9.5, 7.0, 10.0, 9.0 ] },
														"west": { "texture": "#rope", "uv": [ 9.5, 8.5, 10.0, 10.5 ] },
														"up": { "texture": "#rope", "uv": [ 3.5, 5.0, 4.0, 5.5 ] },
														"down": { "texture": "#rope", "uv": [ 15.5, 0.0, 16.0, 0.5 ] }
													}
												},
												{
													"name": "Rope2-26",
													"from": [ 0.0, 1.6, 4.055 ],
													"to": [ 0.511, 3.6, 4.555 ],
													"rotationOrigin": [ 0.251, 1.6, 4.62 ],
													"rotationX": 135.0,
													"rotationZ": -180.0,
													"faces": {
														"north": { "texture": "#rope", "uv": [ 8.5, 6.0, 9.0, 8.0 ], "rotation": 180 },
														"east": { "texture": "#rope", "uv": [ 7.5, 4.0, 8.0, 6.0 ], "rotation": 180 },
														"south": { "texture": "#rope", "uv": [ 11.0, 4.5, 11.5, 6.5 ], "rotation": 180 },
														"west": { "texture": "#rope", "uv": [ 8.5, 3.5, 9.0, 5.5 ], "rotation": 180 },
														"up": { "texture": "#rope", "uv": [ 8.5, 2.0, 9.0, 2.5 ], "rotation": 180 },
														"down": { "texture": "#rope", "uv": [ 6.0, 7.0, 6.5, 7.5 ], "rotation": 180 }
													}
												},
												{
													"name": "Rope2-27",
													"from": [ 0.0, 1.595, 3.92 ],
													"to": [ 0.5, 2.095, 6.109 ],
													"rotationOrigin": [ 0.25, 2.5, 3.76 ],
													"rotationX": 180.0,
													"faces": {
														"north": { "texture": "#rope", "uv": [ 11.5, 6.0, 12.0, 6.5 ] },
														"east": { "texture": "#rope", "uv": [ 10.0, 9.5, 12.0, 10.0 ] },
														"south": { "texture": "#rope", "uv": [ 2.5, 9.5, 3.0, 10.0 ] },
														"west": { "texture": "#rope", "uv": [ 5.5, 10.5, 7.5, 11.0 ] },
														"up": { "texture": "#rope", "uv": [ 6.5, 6.0, 7.0, 8.0 ] },
														"down": { "texture": "#rope", "uv": [ 8.5, 4.5, 9.0, 6.5 ] }
													}
												},
												{
													"name": "Rope2-28",
													"from": [ 0.0, -2.686, 3.92 ],
													"to": [ 0.5, -2.186, 6.109 ],
													"rotationOrigin": [ 0.25, -1.8, 3.76 ],
													"rotationX": 180.0,
													"faces": {
														"north": { "texture": "#rope", "uv": [ 8.5, 10.5, 9.0, 11.0 ], "rotation": 180 },
														"east": { "texture": "#rope", "uv": [ 15.5, 13.0, 17.5, 13.5 ], "rotation": 180 },
														"south": { "texture": "#rope", "uv": [ 8.5, 12.0, 9.0, 12.5 ], "rotation": 180 },
														"west": { "texture": "#rope", "uv": [ 6.0, 3.0, 8.0, 3.5 ], "rotation": 180 },
														"up": { "texture": "#rope", "uv": [ 3.0, 6.5, 3.5, 8.5 ], "rotation": 180 },
														"down": { "texture": "#rope", "uv": [ 14.5, 8.0, 15.0, 10.0 ], "rotation": 180 }
													}
												}
											]
										},
										{
											"name": "Rope6",
											"from": [ 7.6, 1.0, -1.5 ],
											"to": [ 8.1, 3.0, -1.0 ],
											"rotationOrigin": [ 7.85, 2.0, -1.24 ],
											"faces": {
												"north": { "texture": "#rope", "uv": [ 14.0, 10.0, 14.5, 12.0 ] },
												"east": { "texture": "#rope", "uv": [ 12.0, 15.0, 12.5, 17.0 ] },
												"south": { "texture": "#rope", "uv": [ 18.0, 28.5, 18.5, 30.5 ] },
												"west": { "texture": "#rope", "uv": [ 10.0, 7.0, 10.5, 9.0 ] },
												"up": { "texture": "#rope", "uv": [ 22.5, 16.5, 23.0, 17.0 ] },
												"down": { "texture": "#rope", "uv": [ 22.0, 9.5, 22.5, 10.0 ] }
											},
											"children": [
												{
													"name": "Rope1-8",
													"from": [ -0.001, 1.6, -0.165 ],
													"to": [ 0.509, 3.6, 0.335 ],
													"rotationOrigin": [ 0.25, 1.6, 0.4 ],
													"rotationX": 45.0,
													"faces": {
														"north": { "texture": "#rope", "uv": [ 22.0, 8.0, 22.5, 10.0 ] },
														"east": { "texture": "#rope", "uv": [ 13.0, 15.0, 13.5, 17.0 ] },
														"south": { "texture": "#rope", "uv": [ 8.0, 21.0, 8.5, 23.0 ] },
														"west": { "texture": "#rope", "uv": [ 7.5, 11.0, 8.0, 13.0 ] },
														"up": { "texture": "#rope", "uv": [ 11.0, 14.0, 11.5, 14.5 ] },
														"down": { "texture": "#rope", "uv": [ 26.0, 9.5, 26.5, 10.0 ] }
													}
												},
												{
													"name": "Rope1-9",
													"from": [ 0.0, 0.4, -0.165 ],
													"to": [ 0.511, 2.4, 0.335 ],
													"rotationOrigin": [ 0.251, 0.4, 0.4 ],
													"rotationX": -45.0,
													"rotationZ": 180.0,
													"faces": {
														"north": { "texture": "#rope", "uv": [ 10.5, 17.0, 11.0, 19.0 ], "rotation": 180 },
														"east": { "texture": "#rope", "uv": [ 10.5, 12.5, 11.0, 14.5 ], "rotation": 180 },
														"south": { "texture": "#rope", "uv": [ 18.5, 10.0, 19.0, 12.0 ], "rotation": 180 },
														"west": { "texture": "#rope", "uv": [ 6.0, 11.0, 6.5, 13.0 ], "rotation": 180 },
														"up": { "texture": "#rope", "uv": [ 25.5, 10.0, 26.0, 10.5 ], "rotation": 180 },
														"down": { "texture": "#rope", "uv": [ 7.5, 16.0, 8.0, 16.5 ], "rotation": 180 }
													}
												},
												{
													"name": "Rope1-10",
													"from": [ 0.0, 0.0, 5.5 ],
													"to": [ 0.5, 2.0, 6.0 ],
													"rotationOrigin": [ 0.25, 1.0, 5.26 ],
													"rotationX": 180.0,
													"faces": {
														"north": { "texture": "#rope", "uv": [ 21.0, 9.0, 21.5, 11.0 ] },
														"east": { "texture": "#rope", "uv": [ 13.0, 11.0, 13.5, 13.0 ] },
														"south": { "texture": "#rope", "uv": [ 8.0, 14.0, 8.5, 16.0 ] },
														"west": { "texture": "#rope", "uv": [ 25.0, 7.5, 25.5, 9.5 ] },
														"up": { "texture": "#rope", "uv": [ 28.5, 13.0, 29.0, 13.5 ] },
														"down": { "texture": "#rope", "uv": [ 19.0, 10.5, 19.5, 11.0 ] }
													}
												},
												{
													"name": "Rope1-11",
													"from": [ -0.001, 0.4, 4.055 ],
													"to": [ 0.509, 2.4, 4.555 ],
													"rotationOrigin": [ 0.25, 0.4, 4.62 ],
													"rotationX": -135.0,
													"faces": {
														"north": { "texture": "#rope", "uv": [ 8.0, 19.5, 8.5, 21.5 ] },
														"east": { "texture": "#rope", "uv": [ 8.5, 20.0, 9.0, 22.0 ] },
														"south": { "texture": "#rope", "uv": [ 7.0, 10.5, 7.5, 12.5 ] },
														"west": { "texture": "#rope", "uv": [ 11.0, 14.0, 11.5, 16.0 ] },
														"up": { "texture": "#rope", "uv": [ 2.0, 15.5, 2.5, 16.0 ] },
														"down": { "texture": "#rope", "uv": [ 8.0, 7.0, 8.5, 7.5 ] }
													}
												},
												{
													"name": "Rope1-12",
													"from": [ 0.0, 1.6, 4.055 ],
													"to": [ 0.511, 3.6, 4.555 ],
													"rotationOrigin": [ 0.251, 1.6, 4.62 ],
													"rotationX": 135.0,
													"rotationZ": -180.0,
													"faces": {
														"north": { "texture": "#rope", "uv": [ 29.0, 9.5, 29.5, 11.5 ], "rotation": 180 },
														"east": { "texture": "#rope", "uv": [ 12.0, 11.5, 12.5, 13.5 ], "rotation": 180 },
														"south": { "texture": "#rope", "uv": [ 13.5, 12.5, 14.0, 14.5 ], "rotation": 180 },
														"west": { "texture": "#rope", "uv": [ 11.5, 8.5, 12.0, 10.5 ], "rotation": 180 },
														"up": { "texture": "#rope", "uv": [ 13.0, 10.5, 13.5, 11.0 ], "rotation": 180 },
														"down": { "texture": "#rope", "uv": [ 28.5, 10.0, 29.0, 10.5 ], "rotation": 180 }
													}
												},
												{
													"name": "Rope1-13",
													"from": [ 0.0, 1.59, 3.92 ],
													"to": [ 0.5, 2.09, 6.109 ],
													"rotationOrigin": [ 0.25, 2.5, 3.76 ],
													"rotationX": 180.0,
													"faces": {
														"north": { "texture": "#rope", "uv": [ 19.5, 14.5, 20.0, 15.0 ] },
														"east": { "texture": "#rope", "uv": [ 11.5, 14.0, 13.5, 14.5 ] },
														"south": { "texture": "#rope", "uv": [ 10.0, 5.5, 10.5, 6.0 ] },
														"west": { "texture": "#rope", "uv": [ 6.0, 10.0, 8.0, 10.5 ] },
														"up": { "texture": "#rope", "uv": [ 8.0, 6.0, 8.5, 8.0 ] },
														"down": { "texture": "#rope", "uv": [ 9.0, 9.0, 9.5, 11.0 ] }
													}
												},
												{
													"name": "Rope1-14",
													"from": [ 0.0, -2.686, 3.92 ],
													"to": [ 0.5, -2.186, 6.109 ],
													"rotationOrigin": [ 0.25, -1.8, 3.76 ],
													"rotationX": 180.0,
													"faces": {
														"north": { "texture": "#rope", "uv": [ 6.5, 9.0, 7.0, 9.5 ], "rotation": 180 },
														"east": { "texture": "#rope", "uv": [ 5.5, 10.0, 7.5, 10.5 ], "rotation": 180 },
														"south": { "texture": "#rope", "uv": [ 4.0, 8.0, 4.5, 8.5 ], "rotation": 180 },
														"west": { "texture": "#rope", "uv": [ 7.0, 13.5, 9.0, 14.0 ], "rotation": 180 },
														"up": { "texture": "#rope", "uv": [ 6.5, 10.0, 7.0, 12.0 ], "rotation": 180 },
														"down": { "texture": "#rope", "uv": [ 6.5, 4.5, 7.0, 6.5 ], "rotation": 180 }
													}
												}
											]
										},
										{
											"name": "Rope7",
											"from": [ 8.1, 1.0, -1.5 ],
											"to": [ 8.6, 3.0, -1.0 ],
											"rotationOrigin": [ 8.35, 2.0, -1.24 ],
											"faces": {
												"north": { "texture": "#rope", "uv": [ 24.5, 9.5, 25.0, 11.5 ] },
												"east": { "texture": "#rope", "uv": [ 10.0, 18.5, 10.5, 20.5 ] },
												"south": { "texture": "#rope", "uv": [ 11.0, 15.0, 11.5, 17.0 ] },
												"west": { "texture": "#rope", "uv": [ 13.5, 9.5, 14.0, 11.5 ] },
												"up": { "texture": "#rope", "uv": [ 26.5, 17.0, 27.0, 17.5 ] },
												"down": { "texture": "#rope", "uv": [ 18.5, 12.0, 19.0, 12.5 ] }
											},
											"children": [
												{
													"name": "Rope1-15",
													"from": [ -0.001, 1.6, -0.165 ],
													"to": [ 0.509, 3.6, 0.335 ],
													"rotationOrigin": [ 0.25, 1.6, 0.4 ],
													"rotationX": 45.0,
													"faces": {
														"north": { "texture": "#rope", "uv": [ 15.5, 9.5, 16.0, 11.5 ] },
														"east": { "texture": "#rope", "uv": [ 7.5, 10.5, 8.0, 12.5 ] },
														"south": { "texture": "#rope", "uv": [ 2.5, 11.5, 3.0, 13.5 ] },
														"west": { "texture": "#rope", "uv": [ 22.0, 20.5, 22.5, 22.5 ] },
														"up": { "texture": "#rope", "uv": [ 8.0, 19.0, 8.5, 19.5 ] },
														"down": { "texture": "#rope", "uv": [ 28.5, 12.0, 29.0, 12.5 ] }
													}
												},
												{
													"name": "Rope1-16",
													"from": [ 0.0, 0.4, -0.165 ],
													"to": [ 0.511, 2.4, 0.335 ],
													"rotationOrigin": [ 0.251, 0.4, 0.4 ],
													"rotationX": -45.0,
													"rotationZ": 180.0,
													"faces": {
														"north": { "texture": "#rope", "uv": [ 4.5, 7.5, 5.0, 9.5 ], "rotation": 180 },
														"east": { "texture": "#rope", "uv": [ 0.0, 13.5, 0.5, 15.5 ], "rotation": 180 },
														"south": { "texture": "#rope", "uv": [ 6.0, 7.5, 6.5, 9.5 ], "rotation": 180 },
														"west": { "texture": "#rope", "uv": [ 1.5, 7.5, 2.0, 9.5 ], "rotation": 180 },
														"up": { "texture": "#rope", "uv": [ 2.5, 12.5, 3.0, 13.0 ], "rotation": 180 },
														"down": { "texture": "#rope", "uv": [ 0.0, 9.5, 0.5, 10.0 ], "rotation": 180 }
													}
												},
												{
													"name": "Rope1-17",
													"from": [ 0.0, 0.0, 5.5 ],
													"to": [ 0.5, 2.0, 6.0 ],
													"rotationOrigin": [ 0.25, 1.0, 5.26 ],
													"rotationX": 180.0,
													"faces": {
														"north": { "texture": "#rope", "uv": [ 28.5, 0.0, 29.0, 2.0 ] },
														"east": { "texture": "#rope", "uv": [ 29.5, 1.5, 30.0, 3.5 ] },
														"south": { "texture": "#rope", "uv": [ 29.5, 5.5, 30.0, 7.5 ] },
														"west": { "texture": "#rope", "uv": [ 29.5, 1.5, 30.0, 3.5 ] },
														"up": { "texture": "#rope", "uv": [ 30.0, 1.5, 30.5, 2.0 ] },
														"down": { "texture": "#rope", "uv": [ 30.5, 2.5, 31.0, 3.0 ] }
													}
												},
												{
													"name": "Rope1-18",
													"from": [ -0.001, 0.4, 4.055 ],
													"to": [ 0.509, 2.4, 4.555 ],
													"rotationOrigin": [ 0.25, 0.4, 4.62 ],
													"rotationX": -135.0,
													"faces": {
														"north": { "texture": "#rope", "uv": [ 28.5, 28.0, 29.0, 30.0 ] },
														"east": { "texture": "#rope", "uv": [ 30.5, 28.5, 31.0, 30.5 ] },
														"south": { "texture": "#rope", "uv": [ 26.0, 24.0, 26.5, 26.0 ] },
														"west": { "texture": "#rope", "uv": [ 27.5, 26.0, 28.0, 28.0 ] },
														"up": { "texture": "#rope", "uv": [ 28.0, 30.0, 28.5, 30.5 ] },
														"down": { "texture": "#rope", "uv": [ 28.0, 26.5, 28.5, 27.0 ] }
													}
												},
												{
													"name": "Rope1-19",
													"from": [ 0.0, 1.6, 4.055 ],
													"to": [ 0.511, 3.6, 4.555 ],
													"rotationOrigin": [ 0.251, 1.6, 4.62 ],
													"rotationX": 135.0,
													"rotationZ": -180.0,
													"faces": {
														"north": { "texture": "#rope", "uv": [ 5.0, 17.5, 5.5, 19.5 ], "rotation": 180 },
														"east": { "texture": "#rope", "uv": [ 6.5, 14.0, 7.0, 16.0 ], "rotation": 180 },
														"south": { "texture": "#rope", "uv": [ 13.0, 14.5, 13.5, 16.5 ], "rotation": 180 },
														"west": { "texture": "#rope", "uv": [ 15.0, 16.0, 15.5, 18.0 ], "rotation": 180 },
														"up": { "texture": "#rope", "uv": [ 14.5, 15.0, 15.0, 15.5 ], "rotation": 180 },
														"down": { "texture": "#rope", "uv": [ 15.5, 8.5, 16.0, 9.0 ], "rotation": 180 }
													}
												},
												{
													"name": "Rope1-20",
													"from": [ 0.0, 1.59, 3.92 ],
													"to": [ 0.5, 2.09, 6.109 ],
													"rotationOrigin": [ 0.25, 2.5, 3.76 ],
													"rotationX": 180.0,
													"faces": {
														"north": { "texture": "#rope", "uv": [ 26.5, 23.0, 27.0, 23.5 ] },
														"east": { "texture": "#rope", "uv": [ 26.5, 16.0, 28.5, 16.5 ] },
														"south": { "texture": "#rope", "uv": [ 25.5, 18.0, 26.0, 18.5 ] },
														"west": { "texture": "#rope", "uv": [ 25.5, 12.5, 27.5, 13.0 ] },
														"up": { "texture": "#rope", "uv": [ 28.5, 17.0, 29.0, 19.0 ] },
														"down": { "texture": "#rope", "uv": [ 24.0, 11.0, 24.5, 13.0 ] }
													}
												},
												{
													"name": "Rope1-21",
													"from": [ 0.0, -2.686, 3.92 ],
													"to": [ 0.5, -2.186, 6.109 ],
													"rotationOrigin": [ 0.25, -1.8, 3.76 ],
													"rotationX": 180.0,
													"faces": {
														"north": { "texture": "#rope", "uv": [ 6.5, 11.0, 7.0, 11.5 ], "rotation": 180 },
														"east": { "texture": "#rope", "uv": [ 12.5, 14.0, 14.5, 14.5 ], "rotation": 180 },
														"south": { "texture": "#rope", "uv": [ 13.5, 16.0, 14.0, 16.5 ], "rotation": 180 },
														"west": { "texture": "#rope", "uv": [ 6.5, 13.0, 8.5, 13.5 ], "rotation": 180 },
														"up": { "texture": "#rope", "uv": [ 8.0, 13.5, 8.5, 15.5 ], "rotation": 180 },
														"down": { "texture": "#rope", "uv": [ 7.0, 10.0, 7.5, 12.0 ], "rotation": 180 }
													}
												}
											]
										},
										{
											"name": "Rope8",
											"from": [ 6.6, 1.0, -1.5 ],
											"to": [ 7.1, 3.0, -1.0 ],
											"rotationOrigin": [ 6.85, 2.0, -1.24 ],
											"faces": {
												"north": { "texture": "#rope", "uv": [ 13.5, 7.5, 14.0, 9.5 ] },
												"east": { "texture": "#rope", "uv": [ 23.0, 8.0, 23.5, 10.0 ] },
												"south": { "texture": "#rope", "uv": [ 9.0, 6.5, 9.5, 8.5 ] },
												"west": { "texture": "#rope", "uv": [ 7.0, 20.0, 7.5, 22.0 ] },
												"up": { "texture": "#rope", "uv": [ 12.5, 10.0, 13.0, 10.5 ] },
												"down": { "texture": "#rope", "uv": [ 5.0, 5.0, 5.5, 5.5 ] }
											},
											"children": [
												{
													"name": "Rope1-22",
													"from": [ -0.001, 1.6, -0.165 ],
													"to": [ 0.509, 3.6, 0.335 ],
													"rotationOrigin": [ 0.25, 1.6, 0.4 ],
													"rotationX": 45.0,
													"faces": {
														"north": { "texture": "#rope", "uv": [ 12.5, 11.5, 13.0, 13.5 ] },
														"east": { "texture": "#rope", "uv": [ 9.5, 12.5, 10.0, 14.5 ] },
														"south": { "texture": "#rope", "uv": [ 9.0, 19.5, 9.5, 21.5 ] },
														"west": { "texture": "#rope", "uv": [ 13.5, 16.0, 14.0, 18.0 ] },
														"up": { "texture": "#rope", "uv": [ 2.5, 10.5, 3.0, 11.0 ] },
														"down": { "texture": "#rope", "uv": [ 10.5, 8.0, 11.0, 8.5 ] }
													}
												},
												{
													"name": "Rope1-23",
													"from": [ 0.0, 0.4, -0.165 ],
													"to": [ 0.511, 2.4, 0.335 ],
													"rotationOrigin": [ 0.251, 0.4, 0.4 ],
													"rotationX": -45.0,
													"rotationZ": 180.0,
													"faces": {
														"north": { "texture": "#rope", "uv": [ 11.0, 15.5, 11.5, 17.5 ], "rotation": 180 },
														"east": { "texture": "#rope", "uv": [ 10.0, 13.0, 10.5, 15.0 ], "rotation": 180 },
														"south": { "texture": "#rope", "uv": [ 14.5, 19.0, 15.0, 21.0 ], "rotation": 180 },
														"west": { "texture": "#rope", "uv": [ 14.0, 21.0, 14.5, 23.0 ], "rotation": 180 },
														"up": { "texture": "#rope", "uv": [ 12.5, 19.0, 13.0, 19.5 ], "rotation": 180 },
														"down": { "texture": "#rope", "uv": [ 4.5, 8.5, 5.0, 9.0 ], "rotation": 180 }
													}
												},
												{
													"name": "Rope1-24",
													"from": [ 0.0, 0.0, 5.5 ],
													"to": [ 0.5, 2.0, 6.0 ],
													"rotationOrigin": [ 0.25, 1.0, 5.26 ],
													"rotationX": 180.0,
													"faces": {
														"north": { "texture": "#rope", "uv": [ 11.0, 18.5, 11.5, 20.5 ] },
														"east": { "texture": "#rope", "uv": [ 11.0, 12.5, 11.5, 14.5 ] },
														"south": { "texture": "#rope", "uv": [ 14.5, 16.0, 15.0, 18.0 ] },
														"west": { "texture": "#rope", "uv": [ 15.5, 17.0, 16.0, 19.0 ] },
														"up": { "texture": "#rope", "uv": [ 12.5, 16.0, 13.0, 16.5 ] },
														"down": { "texture": "#rope", "uv": [ 6.5, 1.5, 7.0, 2.0 ] }
													}
												},
												{
													"name": "Rope1-25",
													"from": [ -0.001, 0.4, 4.055 ],
													"to": [ 0.509, 2.4, 4.555 ],
													"rotationOrigin": [ 0.25, 0.4, 4.62 ],
													"rotationX": -135.0,
													"faces": {
														"north": { "texture": "#rope", "uv": [ 14.5, 17.0, 15.0, 19.0 ] },
														"east": { "texture": "#rope", "uv": [ 15.0, 17.5, 15.5, 19.5 ] },
														"south": { "texture": "#rope", "uv": [ 8.5, 12.5, 9.0, 14.5 ] },
														"west": { "texture": "#rope", "uv": [ 10.0, 13.0, 10.5, 15.0 ] },
														"up": { "texture": "#rope", "uv": [ 6.0, 13.0, 6.5, 13.5 ] },
														"down": { "texture": "#rope", "uv": [ 5.0, 2.5, 5.5, 3.0 ] }
													}
												},
												{
													"name": "Rope1-26",
													"from": [ 0.0, 1.6, 4.055 ],
													"to": [ 0.511, 3.6, 4.555 ],
													"rotationOrigin": [ 0.251, 1.6, 4.62 ],
													"rotationX": 135.0,
													"rotationZ": -180.0,
													"faces": {
														"north": { "texture": "#rope", "uv": [ 9.0, 9.0, 9.5, 11.0 ], "rotation": 180 },
														"east": { "texture": "#rope", "uv": [ 9.0, 9.0, 9.5, 11.0 ], "rotation": 180 },
														"south": { "texture": "#rope", "uv": [ 6.0, 6.5, 6.5, 8.5 ], "rotation": 180 },
														"west": { "texture": "#rope", "uv": [ 4.0, 15.5, 4.5, 17.5 ], "rotation": 180 },
														"up": { "texture": "#rope", "uv": [ 8.0, 6.5, 8.5, 7.0 ], "rotation": 180 },
														"down": { "texture": "#rope", "uv": [ 1.0, 7.0, 1.5, 7.5 ], "rotation": 180 }
													}
												},
												{
													"name": "Rope1-27",
													"from": [ 0.0, 1.59, 3.92 ],
													"to": [ 0.5, 2.09, 6.109 ],
													"rotationOrigin": [ 0.25, 2.5, 3.76 ],
													"rotationX": 180.0,
													"faces": {
														"north": { "texture": "#rope", "uv": [ 17.5, 12.5, 18.0, 13.0 ] },
														"east": { "texture": "#rope", "uv": [ 21.5, 25.0, 23.5, 25.5 ] },
														"south": { "texture": "#rope", "uv": [ 17.5, 23.5, 18.0, 24.0 ] },
														"west": { "texture": "#rope", "uv": [ 25.0, 27.0, 27.0, 27.5 ] },
														"up": { "texture": "#rope", "uv": [ 19.0, 19.5, 19.5, 21.5 ] },
														"down": { "texture": "#rope", "uv": [ 17.0, 8.0, 17.5, 10.0 ] }
													}
												},
												{
													"name": "Rope1-28",
													"from": [ 0.0, -2.686, 3.92 ],
													"to": [ 0.5, -2.186, 6.109 ],
													"rotationOrigin": [ 0.25, -1.8, 3.76 ],
													"rotationX": 180.0,
													"faces": {
														"north": { "texture": "#rope", "uv": [ 24.5, 17.0, 25.0, 17.5 ], "rotation": 180 },
														"east": { "texture": "#rope", "uv": [ 24.5, 18.0, 26.5, 18.5 ], "rotation": 180 },
														"south": { "texture": "#rope", "uv": [ 22.0, 21.0, 22.5, 21.5 ], "rotation": 180 },
														"west": { "texture": "#rope", "uv": [ 26.0, 20.5, 28.0, 21.0 ], "rotation": 180 },
														"up": { "texture": "#rope", "uv": [ 27.5, 18.5, 28.0, 20.5 ], "rotation": 180 },
														"down": { "texture": "#rope", "uv": [ 26.0, 16.5, 26.5, 18.5 ], "rotation": 180 }
													}
												}
											]
										},
										{
											"name": "Rope9",
											"from": [ 8.7, 1.0, -1.5 ],
											"to": [ 9.2, 3.0, -1.0 ],
											"rotationOrigin": [ 8.95, 2.0, -1.24 ],
											"rotationY": -2.0,
											"faces": {
												"north": { "texture": "#rope", "uv": [ 23.5, 13.0, 24.0, 15.0 ] },
												"east": { "texture": "#rope", "uv": [ 12.0, 20.0, 12.5, 22.0 ] },
												"south": { "texture": "#rope", "uv": [ 30.0, 12.5, 30.5, 14.5 ] },
												"west": { "texture": "#rope", "uv": [ 29.0, 12.0, 29.5, 14.0 ] },
												"up": { "texture": "#rope", "uv": [ 10.0, 15.5, 10.5, 16.0 ] },
												"down": { "texture": "#rope", "uv": [ 21.5, 15.0, 22.0, 15.5 ] }
											},
											"children": [
												{
													"name": "Rope1-29",
													"from": [ -0.001, 1.6, -0.165 ],
													"to": [ 0.509, 3.6, 0.335 ],
													"rotationOrigin": [ 0.25, 1.6, 0.4 ],
													"rotationX": 45.0,
													"faces": {
														"north": { "texture": "#rope", "uv": [ 13.0, 19.0, 13.5, 21.0 ] },
														"east": { "texture": "#rope", "uv": [ 9.5, 10.0, 10.0, 12.0 ] },
														"south": { "texture": "#rope", "uv": [ 4.5, 9.0, 5.0, 11.0 ] },
														"west": { "texture": "#rope", "uv": [ 2.5, 5.0, 3.0, 7.0 ] },
														"up": { "texture": "#rope", "uv": [ 0.0, 5.0, 0.5, 5.5 ] },
														"down": { "texture": "#rope", "uv": [ 5.5, 3.0, 6.0, 3.5 ] }
													}
												},
												{
													"name": "Rope1-30",
													"from": [ 0.0, 0.4, -0.165 ],
													"to": [ 0.511, 2.4, 0.335 ],
													"rotationOrigin": [ 0.251, 0.4, 0.4 ],
													"rotationX": -45.0,
													"rotationZ": 180.0,
													"faces": {
														"north": { "texture": "#rope", "uv": [ 26.0, 17.5, 26.5, 19.5 ], "rotation": 180 },
														"east": { "texture": "#rope", "uv": [ 23.0, 17.0, 23.5, 19.0 ], "rotation": 180 },
														"south": { "texture": "#rope", "uv": [ 28.0, 21.5, 28.5, 23.5 ], "rotation": 180 },
														"west": { "texture": "#rope", "uv": [ 29.0, 22.5, 29.5, 24.5 ], "rotation": 180 },
														"up": { "texture": "#rope", "uv": [ 30.5, 26.0, 31.0, 26.5 ], "rotation": 180 },
														"down": { "texture": "#rope", "uv": [ 30.5, 17.5, 31.0, 18.0 ], "rotation": 180 }
													}
												},
												{
													"name": "Rope1-31",
													"from": [ 0.0, 0.0, 5.5 ],
													"to": [ 0.5, 2.0, 6.0 ],
													"rotationOrigin": [ 0.25, 1.0, 5.26 ],
													"rotationX": 180.0,
													"faces": {
														"north": { "texture": "#rope", "uv": [ 20.5, 17.5, 21.0, 19.5 ] },
														"east": { "texture": "#rope", "uv": [ 23.5, 16.0, 24.0, 18.0 ] },
														"south": { "texture": "#rope", "uv": [ 21.0, 15.5, 21.5, 17.5 ] },
														"west": { "texture": "#rope", "uv": [ 25.5, 19.0, 26.0, 21.0 ] },
														"up": { "texture": "#rope", "uv": [ 20.0, 18.0, 20.5, 18.5 ] },
														"down": { "texture": "#rope", "uv": [ 21.5, 5.0, 22.0, 5.5 ] }
													}
												},
												{
													"name": "Rope1-32",
													"from": [ -0.001, 0.4, 4.055 ],
													"to": [ 0.509, 2.4, 4.555 ],
													"rotationOrigin": [ 0.25, 0.4, 4.62 ],
													"rotationX": -135.0,
													"faces": {
														"north": { "texture": "#rope", "uv": [ 28.0, 13.5, 28.5, 15.5 ] },
														"east": { "texture": "#rope", "uv": [ 27.0, 20.5, 27.5, 22.5 ] },
														"south": { "texture": "#rope", "uv": [ 28.5, 19.0, 29.0, 21.0 ] },
														"west": { "texture": "#rope", "uv": [ 28.5, 18.5, 29.0, 20.5 ] },
														"up": { "texture": "#rope", "uv": [ 29.5, 20.0, 30.0, 20.5 ] },
														"down": { "texture": "#rope", "uv": [ 31.5, 14.0, 32.0, 14.5 ] }
													}
												},
												{
													"name": "Rope1-33",
													"from": [ 0.0, 1.6, 4.055 ],
													"to": [ 0.511, 3.6, 4.555 ],
													"rotationOrigin": [ 0.251, 1.6, 4.62 ],
													"rotationX": 135.0,
													"rotationZ": -180.0,
													"faces": {
														"north": { "texture": "#rope", "uv": [ 30.0, 16.5, 30.5, 18.5 ], "rotation": 180 },
														"east": { "texture": "#rope", "uv": [ 30.5, 16.0, 31.0, 18.0 ], "rotation": 180 },
														"south": { "texture": "#rope", "uv": [ 30.0, 19.0, 30.5, 21.0 ], "rotation": 180 },
														"west": { "texture": "#rope", "uv": [ 28.0, 20.5, 28.5, 22.5 ], "rotation": 180 },
														"up": { "texture": "#rope", "uv": [ 30.0, 14.0, 30.5, 14.5 ], "rotation": 180 },
														"down": { "texture": "#rope", "uv": [ 29.0, 15.0, 29.5, 15.5 ], "rotation": 180 }
													}
												},
												{
													"name": "Rope1-34",
													"from": [ 0.0, 1.59, 3.92 ],
													"to": [ 0.5, 2.09, 6.109 ],
													"rotationOrigin": [ 0.25, 2.5, 3.76 ],
													"rotationX": 180.0,
													"faces": {
														"north": { "texture": "#rope", "uv": [ 30.0, 17.5, 30.5, 18.0 ] },
														"east": { "texture": "#rope", "uv": [ 28.0, 16.0, 30.0, 16.5 ] },
														"south": { "texture": "#rope", "uv": [ 31.0, 12.0, 31.5, 12.5 ] },
														"west": { "texture": "#rope", "uv": [ 28.0, 9.0, 30.0, 9.5 ] },
														"up": { "texture": "#rope", "uv": [ 31.0, 14.5, 31.5, 16.5 ] },
														"down": { "texture": "#rope", "uv": [ 28.0, 15.5, 28.5, 17.5 ] }
													}
												},
												{
													"name": "Rope1-35",
													"from": [ 0.0, -2.686, 3.92 ],
													"to": [ 0.5, -2.186, 6.109 ],
													"rotationOrigin": [ 0.25, -1.8, 3.76 ],
													"rotationX": 180.0,
													"faces": {
														"north": { "texture": "#rope", "uv": [ 28.0, 14.0, 28.5, 14.5 ], "rotation": 180 },
														"east": { "texture": "#rope", "uv": [ 28.5, 24.0, 30.5, 24.5 ], "rotation": 180 },
														"south": { "texture": "#rope", "uv": [ 27.5, 20.0, 28.0, 20.5 ], "rotation": 180 },
														"west": { "texture": "#rope", "uv": [ 27.5, 14.5, 29.5, 15.0 ], "rotation": 180 },
														"up": { "texture": "#rope", "uv": [ 29.0, 20.0, 29.5, 22.0 ], "rotation": 180 },
														"down": { "texture": "#rope", "uv": [ 28.5, 12.0, 29.0, 14.0 ], "rotation": 180 }
													}
												}
											]
										},
										{
											"name": "Rope10",
											"from": [ 11.5, 1.0, -1.5 ],
											"to": [ 12.0, 3.0, -1.0 ],
											"rotationOrigin": [ 11.75, 2.0, -1.24 ],
											"faces": {
												"north": { "texture": "#rope", "uv": [ 29.0, 8.5, 29.5, 10.5 ] },
												"east": { "texture": "#rope", "uv": [ 10.0, 23.0, 10.5, 25.0 ] },
												"south": { "texture": "#rope", "uv": [ 25.5, 10.0, 26.0, 12.0 ] },
												"west": { "texture": "#rope", "uv": [ 27.5, 7.5, 28.0, 9.5 ] },
												"up": { "texture": "#rope", "uv": [ 25.5, 13.0, 26.0, 13.5 ] },
												"down": { "texture": "#rope", "uv": [ 19.5, 14.5, 20.0, 15.0 ] }
											},
											"children": [
												{
													"name": "Rope1-36",
													"from": [ -0.001, 1.6, -0.165 ],
													"to": [ 0.509, 3.6, 0.335 ],
													"rotationOrigin": [ 0.25, 1.6, 0.4 ],
													"rotationX": 45.0,
													"faces": {
														"north": { "texture": "#rope", "uv": [ 17.5, 15.5, 18.0, 17.5 ] },
														"east": { "texture": "#rope", "uv": [ 18.0, 16.5, 18.5, 18.5 ] },
														"south": { "texture": "#rope", "uv": [ 5.0, 19.5, 5.5, 21.5 ] },
														"west": { "texture": "#rope", "uv": [ 5.5, 10.5, 6.0, 12.5 ] },
														"up": { "texture": "#rope", "uv": [ 0.5, 11.5, 1.0, 12.0 ] },
														"down": { "texture": "#rope", "uv": [ 5.5, 3.5, 6.0, 4.0 ] }
													}
												},
												{
													"name": "Rope1-37",
													"from": [ 0.0, 0.4, -0.165 ],
													"to": [ 0.511, 2.4, 0.335 ],
													"rotationOrigin": [ 0.251, 0.4, 0.4 ],
													"rotationX": -45.0,
													"rotationZ": 180.0,
													"faces": {
														"north": { "texture": "#rope", "uv": [ 7.0, 1.5, 7.5, 3.5 ], "rotation": 180 },
														"east": { "texture": "#rope", "uv": [ 5.0, 5.5, 5.5, 7.5 ], "rotation": 180 },
														"south": { "texture": "#rope", "uv": [ 4.0, 5.5, 4.5, 7.5 ], "rotation": 180 },
														"west": { "texture": "#rope", "uv": [ 7.0, 3.5, 7.5, 5.5 ], "rotation": 180 },
														"up": { "texture": "#rope", "uv": [ 7.0, 1.5, 7.5, 2.0 ], "rotation": 180 },
														"down": { "texture": "#rope", "uv": [ 4.5, 3.0, 5.0, 3.5 ], "rotation": 180 }
													}
												},
												{
													"name": "Rope1-38",
													"from": [ 0.0, 0.0, 5.5 ],
													"to": [ 0.5, 2.0, 6.0 ],
													"rotationOrigin": [ 0.25, 1.0, 5.26 ],
													"rotationX": 180.0,
													"faces": {
														"north": { "texture": "#rope", "uv": [ 9.0, 4.5, 9.5, 6.5 ] },
														"east": { "texture": "#rope", "uv": [ 12.0, 10.0, 12.5, 12.0 ] },
														"south": { "texture": "#rope", "uv": [ 2.5, 4.0, 3.0, 6.0 ] },
														"west": { "texture": "#rope", "uv": [ 13.0, 13.5, 13.5, 15.5 ] },
														"up": { "texture": "#rope", "uv": [ 4.0, 2.0, 4.5, 2.5 ] },
														"down": { "texture": "#rope", "uv": [ 7.5, 1.0, 8.0, 1.5 ] }
													}
												},
												{
													"name": "Rope1-39",
													"from": [ -0.001, 0.4, 4.055 ],
													"to": [ 0.509, 2.4, 4.555 ],
													"rotationOrigin": [ 0.25, 0.4, 4.62 ],
													"rotationX": -135.0,
													"faces": {
														"north": { "texture": "#rope", "uv": [ 7.5, 2.5, 8.0, 4.5 ] },
														"east": { "texture": "#rope", "uv": [ 3.0, 4.5, 3.5, 6.5 ] },
														"south": { "texture": "#rope", "uv": [ 4.0, 2.5, 4.5, 4.5 ] },
														"west": { "texture": "#rope", "uv": [ 0.0, 2.0, 0.5, 4.0 ] },
														"up": { "texture": "#rope", "uv": [ 3.0, 3.5, 3.5, 4.0 ] },
														"down": { "texture": "#rope", "uv": [ 6.5, 3.5, 7.0, 4.0 ] }
													}
												},
												{
													"name": "Rope1-40",
													"from": [ 0.0, 1.6, 4.055 ],
													"to": [ 0.511, 3.6, 4.555 ],
													"rotationOrigin": [ 0.251, 1.6, 4.62 ],
													"rotationX": 135.0,
													"rotationZ": -180.0,
													"faces": {
														"north": { "texture": "#rope", "uv": [ 11.0, 3.0, 11.5, 5.0 ], "rotation": 180 },
														"east": { "texture": "#rope", "uv": [ 16.0, 11.5, 16.5, 13.5 ], "rotation": 180 },
														"south": { "texture": "#rope", "uv": [ 7.0, 1.5, 7.5, 3.5 ], "rotation": 180 },
														"west": { "texture": "#rope", "uv": [ 7.0, 3.5, 7.5, 5.5 ], "rotation": 180 },
														"up": { "texture": "#rope", "uv": [ 12.5, 7.5, 13.0, 8.0 ], "rotation": 180 },
														"down": { "texture": "#rope", "uv": [ 4.5, 10.0, 5.0, 10.5 ], "rotation": 180 }
													}
												},
												{
													"name": "Rope1-41",
													"from": [ 0.0, 1.59, 3.92 ],
													"to": [ 0.5, 2.09, 6.109 ],
													"rotationOrigin": [ 0.25, 2.5, 3.76 ],
													"rotationX": 180.0,
													"faces": {
														"north": { "texture": "#rope", "uv": [ 15.5, 6.5, 16.0, 7.0 ] },
														"east": { "texture": "#rope", "uv": [ 10.0, 8.0, 12.0, 8.5 ] },
														"south": { "texture": "#rope", "uv": [ 10.0, 4.5, 10.5, 5.0 ] },
														"west": { "texture": "#rope", "uv": [ 9.5, 4.5, 11.5, 5.0 ] },
														"up": { "texture": "#rope", "uv": [ 12.0, 3.5, 12.5, 5.5 ] },
														"down": { "texture": "#rope", "uv": [ 5.0, 0.0, 5.5, 2.0 ] }
													}
												},
												{
													"name": "Rope1-42",
													"from": [ 0.0, -2.686, 3.92 ],
													"to": [ 0.5, -2.186, 6.109 ],
													"rotationOrigin": [ 0.25, -1.8, 3.76 ],
													"rotationX": 180.0,
													"faces": {
														"north": { "texture": "#rope", "uv": [ 13.0, 2.0, 13.5, 2.5 ], "rotation": 180 },
														"east": { "texture": "#rope", "uv": [ 12.5, 10.0, 14.5, 10.5 ], "rotation": 180 },
														"south": { "texture": "#rope", "uv": [ 12.5, 8.5, 13.0, 9.0 ], "rotation": 180 },
														"west": { "texture": "#rope", "uv": [ 4.0, 8.0, 6.0, 8.5 ], "rotation": 180 },
														"up": { "texture": "#rope", "uv": [ 5.0, 6.5, 5.5, 8.5 ], "rotation": 180 },
														"down": { "texture": "#rope", "uv": [ 9.0, 3.5, 9.5, 5.5 ], "rotation": 180 }
													}
												}
											]
										},
										{
											"name": "Rope11",
											"from": [ 10.5, 1.0, -1.5 ],
											"to": [ 11.0, 3.0, -1.0 ],
											"rotationOrigin": [ 10.75, 2.0, -1.24 ],
											"faces": {
												"north": { "texture": "#rope", "uv": [ 31.0, 12.0, 31.5, 14.0 ] },
												"east": { "texture": "#rope", "uv": [ 9.0, 13.0, 9.5, 15.0 ] },
												"south": { "texture": "#rope", "uv": [ 29.0, 13.0, 29.5, 15.0 ] },
												"west": { "texture": "#rope", "uv": [ 6.5, 21.5, 7.0, 23.5 ] },
												"up": { "texture": "#rope", "uv": [ 21.5, 20.0, 22.0, 20.5 ] },
												"down": { "texture": "#rope", "uv": [ 28.0, 7.5, 28.5, 8.0 ] }
											},
											"children": [
												{
													"name": "Rope1-43",
													"from": [ -0.001, 1.6, -0.165 ],
													"to": [ 0.509, 3.6, 0.335 ],
													"rotationOrigin": [ 0.25, 1.6, 0.4 ],
													"rotationX": 45.0,
													"faces": {
														"north": { "texture": "#rope", "uv": [ 10.5, 10.0, 11.0, 12.0 ] },
														"east": { "texture": "#rope", "uv": [ 10.5, 13.0, 11.0, 15.0 ] },
														"south": { "texture": "#rope", "uv": [ 4.5, 12.5, 5.0, 14.5 ] },
														"west": { "texture": "#rope", "uv": [ 2.5, 13.0, 3.0, 15.0 ] },
														"up": { "texture": "#rope", "uv": [ 3.5, 11.5, 4.0, 12.0 ] },
														"down": { "texture": "#rope", "uv": [ 1.0, 8.5, 1.5, 9.0 ] }
													}
												},
												{
													"name": "Rope1-44",
													"from": [ 0.0, 0.4, -0.165 ],
													"to": [ 0.511, 2.4, 0.335 ],
													"rotationOrigin": [ 0.251, 0.4, 0.4 ],
													"rotationX": -45.0,
													"rotationZ": 180.0,
													"faces": {
														"north": { "texture": "#rope", "uv": [ 18.5, 11.0, 19.0, 13.0 ], "rotation": 180 },
														"east": { "texture": "#rope", "uv": [ 25.0, 15.0, 25.5, 17.0 ], "rotation": 180 },
														"south": { "texture": "#rope", "uv": [ 19.0, 21.0, 19.5, 23.0 ], "rotation": 180 },
														"west": { "texture": "#rope", "uv": [ 22.5, 20.0, 23.0, 22.0 ], "rotation": 180 },
														"up": { "texture": "#rope", "uv": [ 25.5, 22.0, 26.0, 22.5 ], "rotation": 180 },
														"down": { "texture": "#rope", "uv": [ 23.0, 8.5, 23.5, 9.0 ], "rotation": 180 }
													}
												},
												{
													"name": "Rope1-45",
													"from": [ 0.0, 0.0, 5.5 ],
													"to": [ 0.5, 2.0, 6.0 ],
													"rotationOrigin": [ 0.25, 1.0, 5.26 ],
													"rotationX": 180.0,
													"faces": {
														"north": { "texture": "#rope", "uv": [ 26.0, 14.5, 26.5, 16.5 ] },
														"east": { "texture": "#rope", "uv": [ 21.0, 22.5, 21.5, 24.5 ] },
														"south": { "texture": "#rope", "uv": [ 23.0, 17.5, 23.5, 19.5 ] },
														"west": { "texture": "#rope", "uv": [ 17.0, 18.0, 17.5, 20.0 ] },
														"up": { "texture": "#rope", "uv": [ 10.0, 22.0, 10.5, 22.5 ] },
														"down": { "texture": "#rope", "uv": [ 17.0, 10.0, 17.5, 10.5 ] }
													}
												},
												{
													"name": "Rope1-46",
													"from": [ -0.001, 0.4, 4.055 ],
													"to": [ 0.509, 2.4, 4.555 ],
													"rotationOrigin": [ 0.25, 0.4, 4.62 ],
													"rotationX": -135.0,
													"faces": {
														"north": { "texture": "#rope", "uv": [ 30.0, 13.5, 30.5, 15.5 ] },
														"east": { "texture": "#rope", "uv": [ 21.0, 18.0, 21.5, 20.0 ] },
														"south": { "texture": "#rope", "uv": [ 26.5, 15.5, 27.0, 17.5 ] },
														"west": { "texture": "#rope", "uv": [ 27.0, 15.0, 27.5, 17.0 ] },
														"up": { "texture": "#rope", "uv": [ 28.5, 14.0, 29.0, 14.5 ] },
														"down": { "texture": "#rope", "uv": [ 29.5, 13.5, 30.0, 14.0 ] }
													}
												},
												{
													"name": "Rope1-47",
													"from": [ 0.0, 1.6, 4.055 ],
													"to": [ 0.511, 3.6, 4.555 ],
													"rotationOrigin": [ 0.251, 1.6, 4.62 ],
													"rotationX": 135.0,
													"rotationZ": -180.0,
													"faces": {
														"north": { "texture": "#rope", "uv": [ 27.5, 17.0, 28.0, 19.0 ], "rotation": 180 },
														"east": { "texture": "#rope", "uv": [ 29.0, 14.5, 29.5, 16.5 ], "rotation": 180 },
														"south": { "texture": "#rope", "uv": [ 27.5, 14.5, 28.0, 16.5 ], "rotation": 180 },
														"west": { "texture": "#rope", "uv": [ 24.5, 16.5, 25.0, 18.5 ], "rotation": 180 },
														"up": { "texture": "#rope", "uv": [ 25.0, 20.5, 25.5, 21.0 ], "rotation": 180 },
														"down": { "texture": "#rope", "uv": [ 28.5, 10.0, 29.0, 10.5 ], "rotation": 180 }
													}
												},
												{
													"name": "Rope1-48",
													"from": [ 0.0, 1.591, 3.92 ],
													"to": [ 0.5, 2.091, 6.109 ],
													"rotationOrigin": [ 0.25, 2.5, 3.76 ],
													"rotationX": 180.0,
													"faces": {
														"north": { "texture": "#rope", "uv": [ 29.5, 17.5, 30.0, 18.0 ] },
														"east": { "texture": "#rope", "uv": [ 28.5, 14.5, 30.5, 15.0 ] },
														"south": { "texture": "#rope", "uv": [ 30.0, 13.5, 30.5, 14.0 ] },
														"west": { "texture": "#rope", "uv": [ 26.5, 18.0, 28.5, 18.5 ] },
														"up": { "texture": "#rope", "uv": [ 30.0, 14.0, 30.5, 16.0 ] },
														"down": { "texture": "#rope", "uv": [ 28.0, 12.5, 28.5, 14.5 ] }
													}
												},
												{
													"name": "Rope1-49",
													"from": [ 0.0, -2.686, 3.92 ],
													"to": [ 0.5, -2.186, 6.109 ],
													"rotationOrigin": [ 0.25, -1.8, 3.76 ],
													"rotationX": 180.0,
													"faces": {
														"north": { "texture": "#rope", "uv": [ 29.0, 16.0, 29.5, 16.5 ], "rotation": 180 },
														"east": { "texture": "#rope", "uv": [ 28.5, 16.5, 30.5, 17.0 ], "rotation": 180 },
														"south": { "texture": "#rope", "uv": [ 28.5, 13.5, 29.0, 14.0 ], "rotation": 180 },
														"west": { "texture": "#rope", "uv": [ 29.0, 14.0, 31.0, 14.5 ], "rotation": 180 },
														"up": { "texture": "#rope", "uv": [ 29.5, 19.5, 30.0, 21.5 ], "rotation": 180 },
														"down": { "texture": "#rope", "uv": [ 30.5, 16.5, 31.0, 18.5 ], "rotation": 180 }
													}
												},
												{
													"name": "Rope1-64",
													"from": [ 0.0, 0.0, 5.5 ],
													"to": [ 0.5, 2.0, 6.0 ],
													"rotationOrigin": [ 0.25, 1.0, 5.26 ],
													"rotationX": 180.0,
													"faces": {
														"north": { "texture": "#rope", "uv": [ 28.0, 22.5, 28.5, 24.5 ] },
														"east": { "texture": "#rope", "uv": [ 28.0, 23.5, 28.5, 25.5 ] },
														"south": { "texture": "#rope", "uv": [ 28.0, 23.5, 28.5, 25.5 ] },
														"west": { "texture": "#rope", "uv": [ 25.0, 22.5, 25.5, 24.5 ] },
														"up": { "texture": "#rope", "uv": [ 0.0, 0.0, 0.5, 0.5 ] },
														"down": { "texture": "#rope", "uv": [ 0.0, 0.0, 0.5, 0.5 ] }
													}
												}
											]
										},
										{
											"name": "Rope12",
											"from": [ 10.0, 1.0, -1.5 ],
											"to": [ 10.5, 3.0, -1.0 ],
											"rotationOrigin": [ 10.25, 2.0, -1.24 ],
											"faces": {
												"north": { "texture": "#rope", "uv": [ 27.5, 9.0, 28.0, 11.0 ] },
												"east": { "texture": "#rope", "uv": [ 4.0, 19.0, 4.5, 21.0 ] },
												"south": { "texture": "#rope", "uv": [ 19.0, 13.5, 19.5, 15.5 ] },
												"west": { "texture": "#rope", "uv": [ 26.0, 21.5, 26.5, 23.5 ] },
												"up": { "texture": "#rope", "uv": [ 7.0, 22.0, 7.5, 22.5 ] },
												"down": { "texture": "#rope", "uv": [ 28.0, 10.5, 28.5, 11.0 ] }
											},
											"children": [
												{
													"name": "Rope1-50",
													"from": [ -0.001, 1.6, -0.165 ],
													"to": [ 0.509, 3.6, 0.335 ],
													"rotationOrigin": [ 0.25, 1.6, 0.4 ],
													"rotationX": 45.0,
													"faces": {
														"north": { "texture": "#rope", "uv": [ 11.5, 10.0, 12.0, 12.0 ] },
														"east": { "texture": "#rope", "uv": [ 13.5, 17.0, 14.0, 19.0 ] },
														"south": { "texture": "#rope", "uv": [ 3.5, 18.0, 4.0, 20.0 ] },
														"west": { "texture": "#rope", "uv": [ 4.5, 14.5, 5.0, 16.5 ] },
														"up": { "texture": "#rope", "uv": [ 3.5, 9.0, 4.0, 9.5 ] },
														"down": { "texture": "#rope", "uv": [ 1.0, 9.5, 1.5, 10.0 ] }
													}
												},
												{
													"name": "Rope1-51",
													"from": [ 0.0, 0.4, -0.165 ],
													"to": [ 0.511, 2.4, 0.335 ],
													"rotationOrigin": [ 0.251, 0.4, 0.4 ],
													"rotationX": -45.0,
													"rotationZ": 180.0,
													"faces": {
														"north": { "texture": "#rope", "uv": [ 0.0, 0.0, 0.5, 2.0 ], "rotation": 180 },
														"east": { "texture": "#rope", "uv": [ 0.0, 0.0, 0.5, 2.0 ], "rotation": 180 },
														"south": { "texture": "#rope", "uv": [ 0.0, 0.0, 0.5, 2.0 ], "rotation": 180 },
														"west": { "texture": "#rope", "uv": [ 0.0, 0.0, 0.5, 2.0 ], "rotation": 180 },
														"up": { "texture": "#rope", "uv": [ 0.0, 0.0, 0.5, 0.5 ], "rotation": 180 },
														"down": { "texture": "#rope", "uv": [ 0.0, 0.0, 0.5, 0.5 ], "rotation": 180 }
													}
												},
												{
													"name": "Rope1-52",
													"from": [ 0.0, 0.0, 5.5 ],
													"to": [ 0.5, 2.0, 6.0 ],
													"rotationOrigin": [ 0.25, 1.0, 5.26 ],
													"rotationX": 180.0,
													"faces": {
														"north": { "texture": "#rope", "uv": [ 25.0, 11.5, 25.5, 13.5 ] },
														"east": { "texture": "#rope", "uv": [ 10.0, 7.0, 10.5, 9.0 ] },
														"south": { "texture": "#rope", "uv": [ 15.0, 4.5, 15.5, 6.5 ] },
														"west": { "texture": "#rope", "uv": [ 14.5, 8.5, 15.0, 10.5 ] },
														"up": { "texture": "#rope", "uv": [ 13.0, 13.5, 13.5, 14.0 ] },
														"down": { "texture": "#rope", "uv": [ 26.5, 9.5, 27.0, 10.0 ] }
													}
												},
												{
													"name": "Rope1-53",
													"from": [ -0.001, 0.4, 4.055 ],
													"to": [ 0.509, 2.4, 4.555 ],
													"rotationOrigin": [ 0.25, 0.4, 4.62 ],
													"rotationX": -135.0,
													"faces": {
														"north": { "texture": "#rope", "uv": [ 28.0, 16.0, 28.5, 18.0 ] },
														"east": { "texture": "#rope", "uv": [ 21.0, 24.0, 21.5, 26.0 ] },
														"south": { "texture": "#rope", "uv": [ 16.0, 18.5, 16.5, 20.5 ] },
														"west": { "texture": "#rope", "uv": [ 14.0, 12.0, 14.5, 14.0 ] },
														"up": { "texture": "#rope", "uv": [ 17.0, 10.0, 17.5, 10.5 ] },
														"down": { "texture": "#rope", "uv": [ 12.5, 10.5, 13.0, 11.0 ] }
													}
												},
												{
													"name": "Rope1-54",
													"from": [ 0.0, 1.6, 4.055 ],
													"to": [ 0.511, 3.6, 4.555 ],
													"rotationOrigin": [ 0.251, 1.6, 4.62 ],
													"rotationX": 135.0,
													"rotationZ": -180.0,
													"faces": {
														"north": { "texture": "#rope", "uv": [ 26.5, 13.5, 27.0, 15.5 ], "rotation": 180 },
														"east": { "texture": "#rope", "uv": [ 23.0, 14.0, 23.5, 16.0 ], "rotation": 180 },
														"south": { "texture": "#rope", "uv": [ 27.0, 14.5, 27.5, 16.5 ], "rotation": 180 },
														"west": { "texture": "#rope", "uv": [ 25.5, 17.0, 26.0, 19.0 ], "rotation": 180 },
														"up": { "texture": "#rope", "uv": [ 23.5, 20.0, 24.0, 20.5 ], "rotation": 180 },
														"down": { "texture": "#rope", "uv": [ 14.5, 9.5, 15.0, 10.0 ], "rotation": 180 }
													}
												},
												{
													"name": "Rope1-55",
													"from": [ 0.0, 1.59, 3.92 ],
													"to": [ 0.5, 2.09, 6.109 ],
													"rotationOrigin": [ 0.25, 2.5, 3.76 ],
													"rotationX": 180.0,
													"faces": {
														"north": { "texture": "#rope", "uv": [ 21.0, 12.5, 21.5, 13.0 ] },
														"east": { "texture": "#rope", "uv": [ 12.5, 15.0, 14.5, 15.5 ] },
														"south": { "texture": "#rope", "uv": [ 11.5, 19.5, 12.0, 20.0 ] },
														"west": { "texture": "#rope", "uv": [ 13.0, 15.5, 15.0, 16.0 ] },
														"up": { "texture": "#rope", "uv": [ 7.5, 12.0, 8.0, 14.0 ] },
														"down": { "texture": "#rope", "uv": [ 17.0, 6.5, 17.5, 8.5 ] }
													}
												},
												{
													"name": "Rope1-56",
													"from": [ 0.0, -2.686, 3.92 ],
													"to": [ 0.5, -2.186, 6.109 ],
													"rotationOrigin": [ 0.25, -1.8, 3.76 ],
													"rotationX": 180.0,
													"faces": {
														"north": { "texture": "#rope", "uv": [ 8.0, 13.5, 8.5, 14.0 ], "rotation": 180 },
														"east": { "texture": "#rope", "uv": [ 7.0, 5.5, 9.0, 6.0 ], "rotation": 180 },
														"south": { "texture": "#rope", "uv": [ 10.0, 9.5, 10.5, 10.0 ], "rotation": 180 },
														"west": { "texture": "#rope", "uv": [ 3.0, 7.0, 5.0, 7.5 ], "rotation": 180 },
														"up": { "texture": "#rope", "uv": [ 1.5, 6.0, 2.0, 8.0 ], "rotation": 180 },
														"down": { "texture": "#rope", "uv": [ 4.0, 9.0, 4.5, 11.0 ], "rotation": 180 }
													}
												}
											]
										},
										{
											"name": "Rope13",
											"from": [ 10.8, 1.0, -1.5 ],
											"to": [ 11.3, 3.0, -1.0 ],
											"rotationOrigin": [ 11.05, 2.0, -1.24 ],
											"rotationY": 4.0,
											"faces": {
												"north": { "texture": "#rope", "uv": [ 25.5, 14.0, 26.0, 16.0 ] },
												"east": { "texture": "#rope", "uv": [ 15.5, 21.5, 16.0, 23.5 ] },
												"south": { "texture": "#rope", "uv": [ 10.5, 20.0, 11.0, 22.0 ] },
												"west": { "texture": "#rope", "uv": [ 8.0, 16.5, 8.5, 18.5 ] },
												"up": { "texture": "#rope", "uv": [ 8.0, 16.5, 8.5, 17.0 ] },
												"down": { "texture": "#rope", "uv": [ 9.0, 23.5, 9.5, 24.0 ] }
											},
											"children": [
												{
													"name": "Rope1-57",
													"from": [ -0.001, 1.6, -0.165 ],
													"to": [ 0.509, 3.6, 0.335 ],
													"rotationOrigin": [ 0.25, 1.6, 0.4 ],
													"rotationX": 45.0,
													"faces": {
														"north": { "texture": "#rope", "uv": [ 0.0, 0.0, 0.5, 2.0 ] },
														"east": { "texture": "#rope", "uv": [ 0.0, 0.0, 0.5, 2.0 ] },
														"south": { "texture": "#rope", "uv": [ 0.0, 0.0, 0.5, 2.0 ] },
														"west": { "texture": "#rope", "uv": [ 0.0, 0.0, 0.5, 2.0 ] },
														"up": { "texture": "#rope", "uv": [ 0.0, 0.0, 0.5, 0.5 ] },
														"down": { "texture": "#rope", "uv": [ 0.0, 0.0, 0.5, 0.5 ] }
													}
												},
												{
													"name": "Rope1-58",
													"from": [ 0.0, 0.4, -0.165 ],
													"to": [ 0.511, 2.4, 0.335 ],
													"rotationOrigin": [ 0.251, 0.4, 0.4 ],
													"rotationX": -45.0,
													"rotationZ": 180.0,
													"faces": {
														"north": { "texture": "#rope", "uv": [ 0.0, 0.0, 0.5, 2.0 ], "rotation": 180 },
														"east": { "texture": "#rope", "uv": [ 0.0, 0.0, 0.5, 2.0 ], "rotation": 180 },
														"south": { "texture": "#rope", "uv": [ 0.0, 0.0, 0.5, 2.0 ], "rotation": 180 },
														"west": { "texture": "#rope", "uv": [ 0.0, 0.0, 0.5, 2.0 ], "rotation": 180 },
														"up": { "texture": "#rope", "uv": [ 0.0, 0.0, 0.5, 0.5 ], "rotation": 180 },
														"down": { "texture": "#rope", "uv": [ 0.0, 0.0, 0.5, 0.5 ], "rotation": 180 }
													}
												},
												{
													"name": "Rope1-59",
													"from": [ 0.0, 0.0, 5.5 ],
													"to": [ 0.5, 2.0, 6.0 ],
													"rotationOrigin": [ 0.25, 1.0, 5.26 ],
													"rotationX": 180.0,
													"faces": {
														"north": { "texture": "#rope", "uv": [ 0.0, 0.0, 0.5, 2.0 ] },
														"east": { "texture": "#rope", "uv": [ 0.0, 0.0, 0.5, 2.0 ] },
														"south": { "texture": "#rope", "uv": [ 0.0, 0.0, 0.5, 2.0 ] },
														"west": { "texture": "#rope", "uv": [ 0.0, 0.0, 0.5, 2.0 ] },
														"up": { "texture": "#rope", "uv": [ 0.0, 0.0, 0.5, 0.5 ] },
														"down": { "texture": "#rope", "uv": [ 0.0, 0.0, 0.5, 0.5 ] }
													}
												},
												{
													"name": "Rope1-60",
													"from": [ -0.001, 0.4, 4.055 ],
													"to": [ 0.509, 2.4, 4.555 ],
													"rotationOrigin": [ 0.25, 0.4, 4.62 ],
													"rotationX": -135.0,
													"faces": {
														"north": { "texture": "#rope", "uv": [ 0.0, 0.0, 0.5, 2.0 ] },
														"east": { "texture": "#rope", "uv": [ 0.0, 0.0, 0.5, 2.0 ] },
														"south": { "texture": "#rope", "uv": [ 0.0, 0.0, 0.5, 2.0 ] },
														"west": { "texture": "#rope", "uv": [ 0.0, 0.0, 0.5, 2.0 ] },
														"up": { "texture": "#rope", "uv": [ 0.0, 0.0, 0.5, 0.5 ] },
														"down": { "texture": "#rope", "uv": [ 0.0, 0.0, 0.5, 0.5 ] }
													}
												},
												{
													"name": "Rope1-61",
													"from": [ 0.0, 1.6, 4.055 ],
													"to": [ 0.511, 3.6, 4.555 ],
													"rotationOrigin": [ 0.251, 1.6, 4.62 ],
													"rotationX": 135.0,
													"rotationZ": -180.0,
													"faces": {
														"north": { "texture": "#rope", "uv": [ 0.0, 0.0, 0.5, 2.0 ], "rotation": 180 },
														"east": { "texture": "#rope", "uv": [ 0.0, 0.0, 0.5, 2.0 ], "rotation": 180 },
														"south": { "texture": "#rope", "uv": [ 0.0, 0.0, 0.5, 2.0 ], "rotation": 180 },
														"west": { "texture": "#rope", "uv": [ 0.0, 0.0, 0.5, 2.0 ], "rotation": 180 },
														"up": { "texture": "#rope", "uv": [ 0.0, 0.0, 0.5, 0.5 ], "rotation": 180 },
														"down": { "texture": "#rope", "uv": [ 0.0, 0.0, 0.5, 0.5 ], "rotation": 180 }
													}
												},
												{
													"name": "Rope1-62",
													"from": [ 0.0, 1.59, 3.92 ],
													"to": [ 0.5, 2.09, 6.109 ],
													"rotationOrigin": [ 0.25, 2.5, 3.76 ],
													"rotationX": 180.0,
													"faces": {
														"north": { "texture": "#rope", "uv": [ 0.0, 0.0, 0.5, 0.5 ] },
														"east": { "texture": "#rope", "uv": [ 0.0, 0.0, 2.0, 0.5 ] },
														"south": { "texture": "#rope", "uv": [ 0.0, 0.0, 0.5, 0.5 ] },
														"west": { "texture": "#rope", "uv": [ 0.0, 0.0, 2.0, 0.5 ] },
														"up": { "texture": "#rope", "uv": [ 0.0, 0.0, 0.5, 2.0 ] },
														"down": { "texture": "#rope", "uv": [ 0.0, 0.0, 0.5, 2.0 ] }
													}
												},
												{
													"name": "Rope1-63",
													"from": [ 0.0, -2.686, 3.92 ],
													"to": [ 0.5, -2.186, 6.109 ],
													"rotationOrigin": [ 0.25, -1.8, 3.76 ],
													"rotationX": 180.0,
													"faces": {
														"north": { "texture": "#rope", "uv": [ 0.0, 0.0, 0.5, 0.5 ], "rotation": 180 },
														"east": { "texture": "#rope", "uv": [ 0.0, 0.0, 2.0, 0.5 ], "rotation": 180 },
														"south": { "texture": "#rope", "uv": [ 0.0, 0.0, 0.5, 0.5 ], "rotation": 180 },
														"west": { "texture": "#rope", "uv": [ 0.0, 0.0, 2.0, 0.5 ], "rotation": 180 },
														"up": { "texture": "#rope", "uv": [ 0.0, 0.0, 0.5, 2.0 ], "rotation": 180 },
														"down": { "texture": "#rope", "uv": [ 0.0, 0.0, 0.5, 2.0 ], "rotation": 180 }
													}
												}
											]
										},
										{
											"name": "Rope14",
											"from": [ 9.0, 1.0, -1.5 ],
											"to": [ 9.5, 3.0, -1.0 ],
											"rotationOrigin": [ 9.25, 2.0, -1.24 ],
											"rotationY": 7.0,
											"faces": {
												"north": { "texture": "#rope", "uv": [ 10.0, 14.5, 10.5, 16.5 ] },
												"east": { "texture": "#rope", "uv": [ 10.5, 10.0, 11.0, 12.0 ] },
												"south": { "texture": "#rope", "uv": [ 2.5, 12.0, 3.0, 14.0 ] },
												"west": { "texture": "#rope", "uv": [ 0.5, 10.0, 1.0, 12.0 ] },
												"up": { "texture": "#rope", "uv": [ 2.0, 14.5, 2.5, 15.0 ] },
												"down": { "texture": "#rope", "uv": [ 8.5, 21.5, 9.0, 22.0 ] }
											},
											"children": [
												{
													"name": "Rope1-65",
													"from": [ -0.001, 1.6, -0.165 ],
													"to": [ 0.509, 3.6, 0.335 ],
													"rotationOrigin": [ 0.25, 1.6, 0.4 ],
													"rotationX": 45.0,
													"faces": {
														"north": { "texture": "#rope", "uv": [ 0.0, 0.0, 0.5, 2.0 ] },
														"east": { "texture": "#rope", "uv": [ 0.0, 0.0, 0.5, 2.0 ] },
														"south": { "texture": "#rope", "uv": [ 0.0, 0.0, 0.5, 2.0 ] },
														"west": { "texture": "#rope", "uv": [ 0.0, 0.0, 0.5, 2.0 ] },
														"up": { "texture": "#rope", "uv": [ 0.0, 0.0, 0.5, 0.5 ] },
														"down": { "texture": "#rope", "uv": [ 0.0, 0.0, 0.5, 0.5 ] }
													}
												},
												{
													"name": "Rope1-66",
													"from": [ 0.0, 0.4, -0.165 ],
													"to": [ 0.511, 2.4, 0.335 ],
													"rotationOrigin": [ 0.251, 0.4, 0.4 ],
													"rotationX": -45.0,
													"rotationZ": 180.0,
													"faces": {
														"north": { "texture": "#rope", "uv": [ 0.0, 0.0, 0.5, 2.0 ], "rotation": 180 },
														"east": { "texture": "#rope", "uv": [ 0.0, 0.0, 0.5, 2.0 ], "rotation": 180 },
														"south": { "texture": "#rope", "uv": [ 0.0, 0.0, 0.5, 2.0 ], "rotation": 180 },
														"west": { "texture": "#rope", "uv": [ 0.0, 0.0, 0.5, 2.0 ], "rotation": 180 },
														"up": { "texture": "#rope", "uv": [ 0.0, 0.0, 0.5, 0.5 ], "rotation": 180 },
														"down": { "texture": "#rope", "uv": [ 0.0, 0.0, 0.5, 0.5 ], "rotation": 180 }
													}
												},
												{
													"name": "Rope1-67",
													"from": [ 0.0, 0.0, 5.5 ],
													"to": [ 0.5, 2.0, 6.0 ],
													"rotationOrigin": [ 0.25, 1.0, 5.26 ],
													"rotationX": 180.0,
													"faces": {
														"north": { "texture": "#rope", "uv": [ 0.0, 0.0, 0.5, 2.0 ] },
														"east": { "texture": "#rope", "uv": [ 0.0, 0.0, 0.5, 2.0 ] },
														"south": { "texture": "#rope", "uv": [ 0.0, 0.0, 0.5, 2.0 ] },
														"west": { "texture": "#rope", "uv": [ 0.0, 0.0, 0.5, 2.0 ] },
														"up": { "texture": "#rope", "uv": [ 0.0, 0.0, 0.5, 0.5 ] },
														"down": { "texture": "#rope", "uv": [ 0.0, 0.0, 0.5, 0.5 ] }
													}
												},
												{
													"name": "Rope1-68",
													"from": [ -0.001, 0.4, 4.055 ],
													"to": [ 0.509, 2.4, 4.555 ],
													"rotationOrigin": [ 0.25, 0.4, 4.62 ],
													"rotationX": -135.0,
													"faces": {
														"north": { "texture": "#rope", "uv": [ 0.0, 0.0, 0.5, 2.0 ] },
														"east": { "texture": "#rope", "uv": [ 0.0, 0.0, 0.5, 2.0 ] },
														"south": { "texture": "#rope", "uv": [ 0.0, 0.0, 0.5, 2.0 ] },
														"west": { "texture": "#rope", "uv": [ 0.0, 0.0, 0.5, 2.0 ] },
														"up": { "texture": "#rope", "uv": [ 0.0, 0.0, 0.5, 0.5 ] },
														"down": { "texture": "#rope", "uv": [ 0.0, 0.0, 0.5, 0.5 ] }
													}
												},
												{
													"name": "Rope1-69",
													"from": [ 0.0, 1.6, 4.055 ],
													"to": [ 0.511, 3.6, 4.555 ],
													"rotationOrigin": [ 0.251, 1.6, 4.62 ],
													"rotationX": 135.0,
													"rotationZ": -180.0,
													"faces": {
														"north": { "texture": "#rope", "uv": [ 0.0, 0.0, 0.5, 2.0 ], "rotation": 180 },
														"east": { "texture": "#rope", "uv": [ 0.0, 0.0, 0.5, 2.0 ], "rotation": 180 },
														"south": { "texture": "#rope", "uv": [ 0.0, 0.0, 0.5, 2.0 ], "rotation": 180 },
														"west": { "texture": "#rope", "uv": [ 0.0, 0.0, 0.5, 2.0 ], "rotation": 180 },
														"up": { "texture": "#rope", "uv": [ 0.0, 0.0, 0.5, 0.5 ], "rotation": 180 },
														"down": { "texture": "#rope", "uv": [ 0.0, 0.0, 0.5, 0.5 ], "rotation": 180 }
													}
												},
												{
													"name": "Rope1-70",
													"from": [ 0.0, 1.59, 3.92 ],
													"to": [ 0.5, 2.09, 6.109 ],
													"rotationOrigin": [ 0.25, 2.5, 3.76 ],
													"rotationX": 180.0,
													"faces": {
														"north": { "texture": "#rope", "uv": [ 0.0, 0.0, 0.5, 0.5 ] },
														"east": { "texture": "#rope", "uv": [ 0.0, 0.0, 2.0, 0.5 ] },
														"south": { "texture": "#rope", "uv": [ 0.0, 0.0, 0.5, 0.5 ] },
														"west": { "texture": "#rope", "uv": [ 0.0, 0.0, 2.0, 0.5 ] },
														"up": { "texture": "#rope", "uv": [ 0.0, 0.0, 0.5, 2.0 ] },
														"down": { "texture": "#rope", "uv": [ 0.0, 0.0, 0.5, 2.0 ] }
													}
												},
												{
													"name": "Rope1-71",
													"from": [ 0.0, -2.686, 3.92 ],
													"to": [ 0.5, -2.186, 6.109 ],
													"rotationOrigin": [ 0.25, -1.8, 3.76 ],
													"rotationX": 180.0,
													"faces": {
														"north": { "texture": "#rope", "uv": [ 0.0, 0.0, 0.5, 0.5 ], "rotation": 180 },
														"east": { "texture": "#rope", "uv": [ 0.0, 0.0, 2.0, 0.5 ], "rotation": 180 },
														"south": { "texture": "#rope", "uv": [ 0.0, 0.0, 0.5, 0.5 ], "rotation": 180 },
														"west": { "texture": "#rope", "uv": [ 0.0, 0.0, 2.0, 0.5 ], "rotation": 180 },
														"up": { "texture": "#rope", "uv": [ 0.0, 0.0, 0.5, 2.0 ], "rotation": 180 },
														"down": { "texture": "#rope", "uv": [ 0.0, 0.0, 0.5, 2.0 ], "rotation": 180 }
													}
												},
												{
													"name": "Rope1-72",
													"from": [ 0.0, 0.0, 5.5 ],
													"to": [ 0.5, 2.0, 6.0 ],
													"rotationOrigin": [ 0.25, 1.0, 5.26 ],
													"rotationX": 180.0,
													"faces": {
														"north": { "texture": "#rope", "uv": [ 0.0, 0.0, 0.5, 2.0 ] },
														"east": { "texture": "#rope", "uv": [ 0.0, 0.0, 0.5, 2.0 ] },
														"south": { "texture": "#rope", "uv": [ 0.0, 0.0, 0.5, 2.0 ] },
														"west": { "texture": "#rope", "uv": [ 0.0, 0.0, 0.5, 2.0 ] },
														"up": { "texture": "#rope", "uv": [ 0.0, 0.0, 0.5, 0.5 ] },
														"down": { "texture": "#rope", "uv": [ 0.0, 0.0, 0.5, 0.5 ] }
													}
												}
											]
										}
									]
								}
							]
						},
						{
							"name": "Rotator",
							"from": [ 17.0, -1.5, -0.5 ],
							"to": [ 18.01, 3.5, 4.5 ],
							"rotationOrigin": [ 17.0, 1.0, 2.0 ],
							"rotationX": -45.0,
							"faces": {
								"north": { "texture": "#spindle", "uv": [ 5.0, 2.0, 10.0, 3.0 ], "rotation": 90 },
								"east": { "texture": "#spindle", "uv": [ 0.0, 3.0, 5.0, 8.0 ] },
								"south": { "texture": "#spindle", "uv": [ 4.5, 1.5, 9.5, 2.5 ], "rotation": 90 },
								"west": { "texture": "#spindle", "uv": [ 0.0, 4.0, 5.0, 9.0 ] },
								"up": { "texture": "#spindle", "uv": [ 0.0, 11.0, 5.0, 12.0 ], "rotation": 90 },
								"down": { "texture": "#spindle", "uv": [ 0.0, 1.5, 5.0, 2.5 ], "rotation": 90 }
							},
							"children": [
								{
									"name": "Handle",
									"from": [ 1.0, 1.0, 1.0 ],
									"to": [ 4.0, 2.0, 2.0 ],
									"rotationOrigin": [ 1.0, -5.5, -4.5 ],
									"faces": {
										"north": { "texture": "#spindle", "uv": [ 0.0, 2.0, 3.0, 3.0 ] },
										"east": { "texture": "#spindle", "uv": [ 0.0, 3.0, 1.0, 4.0 ] },
										"south": { "texture": "#spindle", "uv": [ 0.0, 1.0, 3.0, 2.0 ] },
										"west": { "texture": "#spindle", "uv": [ 0.0, 4.0, 1.0, 5.0 ] },
										"up": { "texture": "#spindle", "uv": [ 0.0, 12.0, 3.0, 13.0 ] },
										"down": { "texture": "#spindle", "uv": [ 0.0, 2.0, 3.0, 3.0 ] }
									}
								}
							]
						},
						{
							"name": "Rotator2",
							"from": [ 18.01, 1.75, -0.5 ],
							"to": [ 18.51, 2.25, 0.0 ],
							"rotationOrigin": [ 18.0, 4.2, 2.0 ],
							"rotationX": -45.0,
							"faces": {
								"north": { "texture": "#spindle", "uv": [ 0.0, 2.0, 0.5, 2.5 ] },
								"east": { "texture": "#spindle", "uv": [ 0.0, 3.0, 0.5, 3.5 ] },
								"south": { "texture": "#spindle", "uv": [ 0.0, 1.0, 0.5, 1.5 ] },
								"west": { "texture": "#spindle", "uv": [ 0.0, 4.0, 0.5, 4.5 ] },
								"up": { "texture": "#spindle", "uv": [ 0.0, 12.0, 0.5, 12.5 ] },
								"down": { "texture": "#spindle", "uv": [ 0.0, 2.0, 0.5, 2.5 ] }
							}
						},
						{
							"name": "Rotator3",
							"from": [ -2.5, 1.75, -0.5 ],
							"to": [ -2.0, 2.25, 0.0 ],
							"rotationOrigin": [ -2.5, 4.2, 2.0 ],
							"rotationX": -45.0,
							"faces": {
								"north": { "texture": "#spindle", "uv": [ 0.0, 2.0, 0.5, 2.5 ] },
								"east": { "texture": "#spindle", "uv": [ 0.0, 3.0, 0.5, 3.5 ] },
								"south": { "texture": "#spindle", "uv": [ 0.0, 1.0, 0.5, 1.5 ] },
								"west": { "texture": "#spindle", "uv": [ 0.0, 4.0, 0.5, 4.5 ] },
								"up": { "texture": "#spindle", "uv": [ 0.0, 12.0, 0.5, 12.5 ] },
								"down": { "texture": "#spindle", "uv": [ 0.0, 2.0, 0.5, 2.5 ] }
							}
						},
						{
							"name": "Rotator4",
							"from": [ -2.0, -1.5, -0.5 ],
							"to": [ -0.99, 3.5, 4.5 ],
							"rotationOrigin": [ -2.0, 1.0, 2.0 ],
							"rotationX": -45.0,
							"faces": {
								"north": { "texture": "#spindle", "uv": [ 0.0, 2.0, 5.0, 3.0 ], "rotation": 90 },
								"east": { "texture": "#spindle", "uv": [ 5.5, 2.0, 10.5, 7.0 ] },
								"south": { "texture": "#spindle", "uv": [ 0.0, 1.5, 5.0, 2.5 ], "rotation": 90 },
								"west": { "texture": "#spindle", "uv": [ 6.5, 3.5, 11.5, 8.5 ] },
								"up": { "texture": "#spindle", "uv": [ 0.0, 10.5, 5.0, 11.5 ], "rotation": 90 },
								"down": { "texture": "#spindle", "uv": [ 0.0, 2.0, 5.0, 3.0 ], "rotation": 90 }
							}
						},
						{
							"name": "Rotator5",
							"from": [ -2.0, -1.5, -0.5 ],
							"to": [ -0.99, 3.5, 4.5 ],
							"rotationOrigin": [ -2.0, 1.0, 2.0 ],
							"rotationX": -45.0,
							"faces": {
								"north": { "texture": "#spindle", "uv": [ 0.0, 2.0, 5.0, 3.0 ], "rotation": 90 },
								"east": { "texture": "#spindle", "uv": [ 5.5, 2.0, 10.5, 7.0 ] },
								"south": { "texture": "#spindle", "uv": [ 0.0, 1.5, 5.0, 2.5 ], "rotation": 90 },
								"west": { "texture": "#spindle", "uv": [ 6.5, 3.5, 11.5, 8.5 ] },
								"up": { "texture": "#spindle", "uv": [ 0.0, 10.5, 5.0, 11.5 ], "rotation": 90 },
								"down": { "texture": "#spindle", "uv": [ 0.0, 2.0, 5.0, 3.0 ], "rotation": 90 }
							}
						}
					]
				}
			]
		}
	],
	"animations": [
		{
			"name": "AnimateCW",
			"code": "animatecw",
			"quantityframes": 60,
			"onActivityStopped": "Stop",
			"onAnimationEnd": "Hold",
			"keyframes": [
				{
					"frame": 0,
					"elements": {
						"Top1": { "rotationX": 0.0, "rotationY": 0.0, "rotationZ": 0.0 }
					}
				},
				{
					"frame": 15,
					"elements": {
						"Top1": { "rotationX": 90.0, "rotationY": 0.0, "rotationZ": 0.0 }
					}
				},
				{
					"frame": 30,
					"elements": {
						"Top1": { "rotationX": 180.0, "rotationY": 0.0, "rotationZ": 0.0 }
					}
				},
				{
					"frame": 45,
					"elements": {
						"Top1": { "rotationX": 270.0, "rotationY": 0.0, "rotationZ": 0.0 }
					}
				},
				{
					"frame": 59,
					"elements": {
						"Top1": { "rotationX": 360.0, "rotationY": 0.0, "rotationZ": 0.0 }
					}
				}
			]
		}
	]
}