[
    {
        "Ingredients": [
            {
                "type": "item",
                "code": "hydrateordiedrate:distilledwaterportion",
                "quantity": 50
            },
            {
                "type": "item",
                "code": "expandedfoods:choppedmushroom-*",
                "quantity": 1,
                "name": "mushroom"
            }
        ],
        "Simmering": {
            "meltingPoint": 200,
            "meltingDuration": 100,
            "smeltedRatio": 1,
            "smeltingType": "bake",
            "smeltedStack": {
                "type": "item",
                "code": "expandedfoods:cookedchoppedmushroom-{mushroom}-perfect",
                "quantity": 1
            },
            "requiresContainer": false
        }
    },
    {
        "Ingredients": [
            {
                "type": "item",
                "code": "hydrateordiedrate:distilledwaterportion",
                "quantity": 50
            },
            {
                "type": "item",
                "code": "expandedfoods:cookedchoppedmushroom-*-partbaked",
                "quantity": 1,
                "name": "mushroom"
            }
        ],
        "Simmering": {
            "meltingPoint": 200,
            "meltingDuration": 100,
            "smeltedRatio": 1,
            "smeltingType": "bake",
            "smeltedStack": {
                "type": "item",
                "code": "expandedfoods:cookedchoppedmushroom-{mushroom}-perfect",
                "quantity": 1
            },
            "requiresContainer": false
        }
    }
]