﻿{
  "code": "kegtapped",
  "class": "BlockKeg",
  "entityclass": "BlockEntityKeg",
  "behaviors": [
    { "name": "UnstableFalling" },
    {
      "name": "CanAttach",
      "properties": {
        "sides": ["up"]
      }
    },
    {
      "name": "Carryable",
      "properties": {
        "slots": {
          "Hands": {
            "transform": {
              "translation": [0, 0, 0],
              "rotation": [0, 0, 0],
              "origin": [0.5, 0.5, 0.5],
              "scale": [0.5, 0.5, 0.5]
            },
            "animation": "carryon:holdheavy",
            "walkSpeedModifier": -0.25
          },
          "Back": {
            "walkSpeedModifier": -0.15
          }
        },
        "patchPriority": 1
      }
    },
    {
      "name": "CarryableInteract",
      "properties": {
        "interactDelay": 1.5
      }
    },
    { "name": "Lockable" }
  ],
  "shape": { "base": "hydrateordiedrate:block/kegtapped", "rotateY": 180 },
  "textures": {
    "blackbronze4": { "base": "game:block/metal/sheet/blackbronze4" },
    "bottom": { "base": "game:block/wood/barrel/bottom" },
    "aged": { "base": "game:block/wood/debarked/aged" },
    "electrum1": { "base": "game:block/metal/sheet/electrum1" }
  },
  "attributes": {
    "canDrinkFrom": false,
    "kegCapacityLitres": 100.0,
    "spoilRate": 0.75,
    "ironHoopDropChance": 0.8,
    "kegTapDropChance": 0.9,
    "liquidContainerProps": {
      "transferSizeLitres": 1,
      "liquidMaxYTranslate": 0.4375
    },
    "rotatatableInterval": {
      "default": "22.5deg"
    }
  },
  "creativeinventory": {
    "general": [ "*" ],
    "decorative": [ "*" ]
  },
  "blockmaterial": "Wood",
  "replaceable": 900,
  "resistance": 1.5,
  "lightAbsorption": 1,
  "maxStackSize": 1,
  "sounds": {
    "place": "game:block/planks",
    "hit": "game:block/planks",
    "break": "game:block/planks",
    "walk": "game:walk/wood"
  },
  "sidesolid": {
    "all": false
  },
  "sideopaque": {
    "all": false
  },
  "emitsideao": {
    "all": false
  },
  "heldTpIdleAnimation": "holdbothhandslarge",
  "heldTpUseAnimation": "twohandplaceblock",
  "collisionbox": {
    "x1": 0,
    "y1": 0,
    "z1": 0,
    "x2": 1,
    "y2": 0.9375,
    "z2": 1
  },
  "selectionbox": {
    "x1": 0,
    "y1": 0,
    "z1": 0,
    "x2": 1,
    "y2": 0.9375,
    "z2": 1
  },
  "tpHandTransform": {
    "translation": { "x": -0.29, "y": -1.19, "z": -0.19 },
    "rotation": { "x": 96, "y": -19, "z": -76 },
    "origin": { "x": 0.48, "y": 0.55, "z": 0.24 },
    "scale": 0.8
  },
  "groundTransform": {
    "translation": { "x": 0, "y": 0, "z": 0 },
    "rotation": { "x": 0, "y": 0, "z": 0 },
    "origin": { "x": 0, "y": 0, "z": 0 },
    "scale": 3.5
  },
  "guiTransform": {
    "scale": 1.39
  }
}
