[
    {
        "Ingredients": [
            {
                "type": "item",
                "code": "hydrateordiedrate:distilledwaterportion",
                "quantity": 10
            },
            {
                "type": "item",
                "code": "expandedfoods:acornpasta-cut",
                "quantity": 1
            }
        ],
        "Simmering": {
            "meltingPoint": 150,
            "meltingDuration": 15,
            "smeltedRatio": 1,
            "smeltingType": "bake",
            "smeltedStack": {
                "type": "item",
                "code": "expandedfoods:acornpasta-cooked"
            },
            "requiresContainer": false
        }
    }
]