﻿{
  "code": "tun",
  "class": "BlockTun",
  "entityclass": "BlockEntityTun",
  "defaultType": "normal-generic",
  types: ["normal-generic"],
  "behaviors": [
    { "name": "UnstableFalling" },
    {
      "name": "CanAttach",
      "properties": {
        "sides": ["up"]
      }
    },
    { "name": "HorizontalOrientable"},
    { name: "Multiblock", propertiesByType: {
      "*-north": { sizex: 2, sizey: 2, sizez: 2, cposition: { x: 0, y: 0, z: 0 } },
      "*-east": { sizex: 2, sizey: 2, sizez: 2, cposition: { x: 0, y: 0, z: 0 } },
      "*-south": { sizex: 2, sizey: 2, sizez: 2, cposition: { x: 0, y: 0, z: 0 } },
      "*-west": { sizex: 2, sizey: 2, sizez: 2, cposition: { x: 0, y: 0, z: 0 } }
    }
    },
    {
      "name": "Carryable",
      "properties": {
        "slots": {
          "Hands": {
            "transform": {
              "translation": [0, 0, 0],
              "rotation": [0, 0, 0],
              "origin": [0.5, 0.5, 0.5],
              "scale": [0.5, 0.5, 0.5]
            },
            "animation": "carryon:holdheavy",
            "walkSpeedModifier": -0.75
          },
          "Back": {
            "walkSpeedModifier": -0.5
          }
        },
        "patchPriority": 1
      }
    },
    {
      "name": "CarryableInteract",
      "properties": {
        "interactDelay": 1.5
      }
    }
  ],
  shapeByType: {
    "*-north": { base: "hydrateordiedrate:block/tun", rotateY: 0 },
    "*-east": { base: "hydrateordiedrate:block/tun", rotateY: 270 },
    "*-west": { base: "hydrateordiedrate:block/tun", rotateY: 90 },
    "*-south": { base: "hydrateordiedrate:block/tun", rotateY: 180 },
  },
  variantgroups: [
    { code:"side", loadFromProperties: "abstract/horizontalorientation" }
  ],
  "attributes": {
    "canDrinkFrom": false,
    "liquidContainerProps": {
      "transferSizeLitres": 1,
      "liquidMaxYTranslate": 0.4375
    },
    "rotatatableInterval": {
      "normal-generic": "22.5deg"
    },
    variantByGroup: "side"
  },
  "creativeinventory": {
    "general": [ "*" ],
    "decorative": [ "*" ]
  },
  "blockmaterial": "Wood",
  "replaceable": 900,
  "resistance": 1.5,
  "lightAbsorption": 1,
  "maxStackSize": 1,
  "sounds": {
    "place": "game:block/planks",
    "hit": "game:block/planks",
    "break": "game:block/planks",
    "walk": "game:walk/wood"
  },
  "sidesolid": {
    "all": false
  },
  "sideopaque": {
    "all": false
  },
  "emitsideao": {
    "all": false
  },
  "heldTpIdleAnimation": "holdbothhandslarge",
  "heldTpUseAnimation": "twohandplaceblock",
  collisionSelectionBox: {
    x1: 0, y1: 0, z1: 0, x2: 1, y2: 1, z2: 1,
    rotateYByType: {
      "*-east": 270,
      "*-west": 90,
      "*-south": 180
    }
  },
  "tpHandTransform": {
    "translation": { "x": -0.29, "y": -1.19, "z": -0.19 },
    "rotation": { "x": 96, "y": -19, "z": -76 },
    "origin": { "x": 0.48, "y": 0.55, "z": 0.24 },
    "scale": 0.8
  },
  "groundTransform": {
    "translation": { "x": 0, "y": 0, "z": 0 },
    "rotation": { "x": 0, "y": 0, "z": 0 },
    "origin": { "x": 0, "y": 0, "z": 0 },
    "scale": 3.5
  },
  "guiTransform": {
    "scale": 1.39
  }
}
