﻿{
  "code": "boiledwater",
  "perishableProps": {
    "type": "None",
    "freshHours": { "avg": 75 },
    "transitionHours": { "avg": 18 },
    "transitionRatio": 1,
    "transitionedStack": { "type": "item", "code": "game:waterportion" }
  },
  "shape": { "base": "game:block/food/meal/liquid" },
  "ingredients": [
    {
      "code": "water1",
      "validStacks": [
        {
          "type": "item",
          "code": "hydrateordiedrate:rainwaterportion",
          "shapeElement": "bowl/liquid"
        }
      ],
      "minQuantity": 1,
      "maxQuantity": 1,
      "portionSizeLitres": 1
    },
    {
      "code": "water2",
      "validStacks": [
        {
          "type": "item",
          "code": "hydrateordiedrate:rainwaterportion",
          "shapeElement": "bowl/liquid"
        }
      ],
      "minQuantity": 0,
      "maxQuantity": 1,
      "portionSizeLitres": 1
    },
    {
      "code": "water3",
      "validStacks": [
        {
          "type": "item",
          "code": "hydrateordiedrate:rainwaterportion",
          "shapeElement": "bowl/liquid"
        }
      ],
      "minQuantity": 0,
      "maxQuantity": 1,
      "portionSizeLitres": 1
    },
    {
      "code": "water4",
      "validStacks": [
        {
          "type": "item",
          "code": "hydrateordiedrate:rainwaterportion",
          "shapeElement": "bowl/liquid"
        }
      ],
      "minQuantity": 0,
      "maxQuantity": 1,
      "portionSizeLitres": 1
    }
  ],
  "cooksInto": { "type": "Item", "code": "hydrateordiedrate:boiledrainwaterportion", "quantity": 100 }
}
