﻿{
  "code": "game:pastahot",
  "perishableProps": {
    "freshHours": {
      "avg": 144
    },
    "transitionHours": {
      "avg": 36
    },
    "transitionRatio": 1,
    "transitionedStack": {
      "type": "item",
      "code": "game:rot"
    }
  },
  "shape": {
    "base": "block/meal/pastahot"
  },
  "ingredients": [
    {
      "code": "game:pasta-base",
      "validStacks": [
        {
          "type": "item",
          "code": "expandedfoods:pasta-cut",
          "shapeElement": "bowl/pasta",
          "textureMapping": [
            "pasta",
            "pasta"
          ]
        }
      ],
      "minQuantity": 1,
      "maxQuantity": 1
    },
    {
      "code": "game:liquid-base",
      "validStacks": [
        {
          "type": "item",
          "code": "hydrateordiedrate:rainwaterportion",
          "shapeElement": "bowl/null"
        },
        {
          "type": "item",
          "code": "expandedfoods:vegetablejuiceportion-*",
          "shapeElement": "bowl/null"
        }
      ],
      "minQuantity": 1,
      "maxQuantity": 1,
      "portionSizeLitres": 1
    },
    {
      "code": "game:vegetable-base",
      "validStacks": [
        {
          "type": "item",
          "code": "game:vegetable-cabbage",
          "shapeElement": "bowl/vegetable 1/*"
        },
        {
          "type": "item",
          "code": "game:vegetable-carrot",
          "shapeElement": "bowl/vegetable 1/*"
        },
        {
          "type": "item",
          "code": "game:vegetable-onion",
          "shapeElement": "bowl/vegetable 1/*"
        },
        {
          "type": "item",
          "code": "game:vegetable-parsnip",
          "shapeElement": "bowl/vegetable 1/*"
        },
        {
          "type": "item",
          "code": "game:vegetable-turnip",
          "shapeElement": "bowl/vegetable 1/*"
        },
        {
          "type": "item",
          "code": "game:vegetable-pumpkin",
          "shapeElement": "bowl/vegetable 1/*"
        },
        {
          "type": "item",
          "code": "game:vegetable-bellpepper",
          "shapeElement": "bowl/vegetable 1/*",
          "textureMapping": [
            "fruit",
            "group8"
          ]
        },
        {
          "type": "item",
          "code": "game:mushroom-*",
          "shapeElement": "bowl/vegetable base 1/*"
        },
        {
          "type": "block",
          "code": "game:pumpkin-fruit-4",
          "shapeElement": "bowl/vegetable 1/*"
        },
        {
          "type": "item",
          "code": "game:pickledvegetable-*",
          "shapeElement": "bowl/vegetable 1/*"
        },
        {
          "type": "item",
          "code": "game:pickledlegume-soybean",
          "shapeElement": "bowl/vegetable 1/*"
        },
        {
          "type": "item",
          "code": "expandedfoods:choppedmushroom-almondmushroom",
          "shapeElement": "bowl/vegetable 1/*",
          "textureMapping": [
            "vegetable",
            "group3"
          ]
        },
        {
          "type": "item",
          "code": "expandedfoods:choppedmushroom-beardedtooth",
          "shapeElement": "bowl/vegetable 1/*",
          "textureMapping": [
            "vegetable",
            "group7"
          ]
        },
        {
          "type": "item",
          "code": "expandedfoods:choppedmushroom-bitterbolete",
          "shapeElement": "bowl/vegetable 1/*",
          "textureMapping": [
            "vegetable",
            "group3"
          ]
        },
        {
          "type": "item",
          "code": "expandedfoods:choppedmushroom-blacktrumpet",
          "shapeElement": "bowl/vegetable 1/*",
          "textureMapping": [
            "vegetable",
            "group3"
          ]
        },
        {
          "type": "item",
          "code": "expandedfoods:choppedmushroom-chanterelle",
          "shapeElement": "bowl/vegetable 1/*",
          "textureMapping": [
            "vegetable",
            "group3"
          ]
        },
        {
          "type": "item",
          "code": "expandedfoods:choppedmushroom-chickenofthewoods",
          "shapeElement": "bowl/vegetable 1/*",
          "textureMapping": [
            "vegetable",
            "group3"
          ]
        },
        {
          "type": "item",
          "code": "expandedfoods:choppedmushroom-commonmorel",
          "shapeElement": "bowl/vegetable 1/*",
          "textureMapping": [
            "vegetable",
            "group3"
          ]
        },
        {
          "type": "item",
          "code": "expandedfoods:choppedmushroom-deathcap",
          "shapeElement": "bowl/vegetable 1/*",
          "textureMapping": [
            "vegetable",
            "group7"
          ]
        },
        {
          "type": "item",
          "code": "expandedfoods:choppedmushroom-deerear",
          "shapeElement": "bowl/vegetable 1/*",
          "textureMapping": [
            "vegetable",
            "group7"
          ]
        },
        {
          "type": "item",
          "code": "expandedfoods:choppedmushroom-devilbolete",
          "shapeElement": "bowl/vegetable 1/*",
          "textureMapping": [
            "vegetable",
            "group3"
          ]
        },
        {
          "type": "item",
          "code": "expandedfoods:choppedmushroom-devilstooth",
          "shapeElement": "bowl/vegetable 1/*",
          "textureMapping": [
            "vegetable",
            "group3"
          ]
        },
        {
          "type": "item",
          "code": "expandedfoods:choppedmushroom-dryadsaddle",
          "shapeElement": "bowl/vegetable 1/*",
          "textureMapping": [
            "vegetable",
            "group3"
          ]
        },
        {
          "type": "item",
          "code": "expandedfoods:choppedmushroom-earthball",
          "shapeElement": "bowl/vegetable 1/*",
          "textureMapping": [
            "vegetable",
            "group7"
          ]
        },
        {
          "type": "item",
          "code": "expandedfoods:choppedmushroom-elfinsaddle",
          "shapeElement": "bowl/vegetable 1/*",
          "textureMapping": [
            "vegetable",
            "group3"
          ]
        },
        {
          "type": "item",
          "code": "expandedfoods:choppedmushroom-flyagaric",
          "shapeElement": "bowl/vegetable 1/*",
          "textureMapping": [
            "vegetable",
            "group2"
          ]
        },
        {
          "type": "item",
          "code": "expandedfoods:choppedmushroom-fieldmushroom",
          "shapeElement": "bowl/vegetable 1/*",
          "textureMapping": [
            "vegetable",
            "group7"
          ]
        },
        {
          "type": "item",
          "code": "expandedfoods:choppedmushroom-funeralbell",
          "shapeElement": "bowl/vegetable 1/*",
          "textureMapping": [
            "vegetable",
            "group7"
          ]
        },
        {
          "type": "item",
          "code": "expandedfoods:choppedmushroom-golddropmilkcap",
          "shapeElement": "bowl/vegetable 1/*",
          "textureMapping": [
            "vegetable",
            "group3"
          ]
        },
        {
          "type": "item",
          "code": "expandedfoods:choppedmushroom-greencrackedrussula",
          "shapeElement": "bowl/vegetable 1/*",
          "textureMapping": [
            "vegetable",
            "group3"
          ]
        },
        {
          "type": "item",
          "code": "expandedfoods:choppedmushroom-indigomilkcap",
          "shapeElement": "bowl/vegetable 1/*",
          "textureMapping": [
            "vegetable",
            "group3"
          ]
        },
        {
          "type": "item",
          "code": "expandedfoods:choppedmushroom-jackolantern",
          "shapeElement": "bowl/vegetable 1/*",
          "textureMapping": [
            "vegetable",
            "group3"
          ]
        },
        {
          "type": "item",
          "code": "expandedfoods:choppedmushroom-kingbolete",
          "shapeElement": "bowl/vegetable 1/*",
          "textureMapping": [
            "vegetable",
            "group3"
          ]
        },
        {
          "type": "item",
          "code": "expandedfoods:choppedmushroom-livermushroom",
          "shapeElement": "bowl/vegetable 1/*",
          "textureMapping": [
            "vegetable",
            "group7"
          ]
        },
        {
          "type": "item",
          "code": "expandedfoods:choppedmushroom-lobster",
          "shapeElement": "bowl/vegetable 1/*",
          "textureMapping": [
            "vegetable",
            "group3"
          ]
        },
        {
          "type": "item",
          "code": "expandedfoods:choppedmushroom-orangeoakbolete",
          "shapeElement": "bowl/vegetable 1/*",
          "textureMapping": [
            "vegetable",
            "group3"
          ]
        },
        {
          "type": "item",
          "code": "expandedfoods:choppedmushroom-paddystraw",
          "shapeElement": "bowl/vegetable 1/*",
          "textureMapping": [
            "vegetable",
            "group7"
          ]
        },
        {
          "type": "item",
          "code": "expandedfoods:choppedmushroom-pinkbonnet",
          "shapeElement": "bowl/vegetable 1/*",
          "textureMapping": [
            "vegetable",
            "group7"
          ]
        },
        {
          "type": "item",
          "code": "expandedfoods:choppedmushroom-pinkoyster",
          "shapeElement": "bowl/vegetable 1/*",
          "textureMapping": [
            "vegetable",
            "group7"
          ]
        },
        {
          "type": "item",
          "code": "expandedfoods:choppedmushroom-puffball",
          "shapeElement": "bowl/vegetable 1/*",
          "textureMapping": [
            "vegetable",
            "group7"
          ]
        },
        {
          "type": "item",
          "code": "expandedfoods:choppedmushroom-redwinecap",
          "shapeElement": "bowl/vegetable 1/*",
          "textureMapping": [
            "vegetable",
            "group3"
          ]
        },
        {
          "type": "item",
          "code": "expandedfoods:choppedmushroom-reishi",
          "shapeElement": "bowl/vegetable 1/*",
          "textureMapping": [
            "vegetable",
            "group7"
          ]
        },
        {
          "type": "item",
          "code": "expandedfoods:choppedmushroom-saffronmilkcap",
          "shapeElement": "bowl/vegetable 1/*",
          "textureMapping": [
            "vegetable",
            "group3"
          ]
        },
        {
          "type": "item",
          "code": "expandedfoods:choppedmushroom-shiitake",
          "shapeElement": "bowl/vegetable 1/*",
          "textureMapping": [
            "vegetable",
            "group7"
          ]
        },
        {
          "type": "item",
          "code": "expandedfoods:choppedmushroom-tinderhoof",
          "shapeElement": "bowl/vegetable 1/*",
          "textureMapping": [
            "vegetable",
            "group7"
          ]
        },
        {
          "type": "item",
          "code": "expandedfoods:choppedmushroom-violetwebcap",
          "shapeElement": "bowl/vegetable 1/*",
          "textureMapping": [
            "vegetable",
            "group3"
          ]
        },
        {
          "type": "item",
          "code": "expandedfoods:choppedmushroom-whiteoyster",
          "shapeElement": "bowl/vegetable 1/*",
          "textureMapping": [
            "vegetable",
            "group7"
          ]
        },
        {
          "type": "item",
          "code": "expandedfoods:choppedmushroom-witchhat",
          "shapeElement": "bowl/vegetable 1/*",
          "textureMapping": [
            "vegetable",
            "group7"
          ]
        }
      ],
      "minQuantity": 0,
      "maxQuantity": 1
    },
    {
      "code": "game:vegetable-base2",
      "validStacks": [
        {
          "type": "item",
          "code": "game:herbbundle-*",
          "shapeElement": "bowl/vegetable 2/*",
          "textureMapping": [
            "vegetable",
            "group10"
          ]
        },
        {
          "type": "item",
          "code": "game:vegetable-cabbage",
          "shapeElement": "bowl/vegetable 2/*"
        },
        {
          "type": "item",
          "code": "game:vegetable-carrot",
          "shapeElement": "bowl/vegetable 2/*"
        },
        {
          "type": "item",
          "code": "game:vegetable-onion",
          "shapeElement": "bowl/vegetable 2/*"
        },
        {
          "type": "item",
          "code": "game:vegetable-parsnip",
          "shapeElement": "bowl/vegetable 2/*"
        },
        {
          "type": "item",
          "code": "game:vegetable-turnip",
          "shapeElement": "bowl/vegetable 2/*"
        },
        {
          "type": "item",
          "code": "game:vegetable-pumpkin",
          "shapeElement": "bowl/vegetable 2/*"
        },
        {
          "type": "item",
          "code": "game:vegetable-bellpepper",
          "shapeElement": "bowl/vegetable 2/*",
          "textureMapping": [
            "fruit",
            "group8"
          ]
        },
        {
          "type": "item",
          "code": "game:mushroom-*",
          "shapeElement": "bowl/vegetable 2/*"
        },
        {
          "type": "block",
          "code": "game:pumpkin-fruit-4",
          "shapeElement": "bowl/vegetable 2/*"
        },
        {
          "type": "item",
          "code": "game:legume-soybean",
          "shapeElement": "bowl/vegetable 2/*"
        },
        {
          "type": "item",
          "code": "game:pickledvegetable-*",
          "shapeElement": "bowl/vegetable 2/*"
        },
        {
          "type": "item",
          "code": "game:pickledlegume-soybean",
          "shapeElement": "bowl/vegetable 2/*"
        },
        {
          "type": "item",
          "code": "expandedfoods:choppedvegetable-carrot",
          "shapeElement": "bowl/vegetable 2/*",
          "textureMapping": [
            "vegetable",
            "group1"
          ]
        },
        {
          "type": "item",
          "code": "expandedfoods:choppedvegetable-pickledcarrot",
          "shapeElement": "bowl/vegetable 2/*",
          "textureMapping": [
            "vegetable",
            "group1"
          ]
        },
        {
          "type": "item",
          "code": "expandedfoods:choppedvegetable-parsnip",
          "shapeElement": "bowl/vegetable 2/*",
          "textureMapping": [
            "vegetable",
            "group4"
          ]
        },
        {
          "type": "item",
          "code": "expandedfoods:choppedvegetable-pickledparsnip",
          "shapeElement": "bowl/vegetable 2/*",
          "textureMapping": [
            "vegetable",
            "group4"
          ]
        },
        {
          "type": "item",
          "code": "expandedfoods:choppedvegetable-turnip",
          "shapeElement": "bowl/vegetable 2/*",
          "textureMapping": [
            "vegetable",
            "group5"
          ]
        },
        {
          "type": "item",
          "code": "expandedfoods:choppedvegetable-pickledturnip",
          "shapeElement": "bowl/vegetable 2/*",
          "textureMapping": [
            "vegetable",
            "group5"
          ]
        },
        {
          "type": "item",
          "code": "expandedfoods:choppedvegetable-onion",
          "shapeElement": "bowl/vegetable 2/*",
          "textureMapping": [
            "vegetable",
            "group6"
          ]
        },
        {
          "type": "item",
          "code": "expandedfoods:choppedvegetable-pickledonion",
          "shapeElement": "bowl/vegetable 2/*",
          "textureMapping": [
            "vegetable",
            "group6"
          ]
        },
        {
          "type": "item",
          "code": "expandedfoods:choppedvegetable-pumpkin",
          "shapeElement": "bowl/vegetable 2/*",
          "textureMapping": [
            "vegetable",
            "group8"
          ]
        },
        {
          "type": "item",
          "code": "expandedfoods:choppedvegetable-pickledpumpkin",
          "shapeElement": "bowl/vegetable 2/*",
          "textureMapping": [
            "vegetable",
            "group8"
          ]
        },
        {
          "type": "item",
          "code": "expandedfoods:choppedvegetable-cabbage",
          "shapeElement": "bowl/vegetable 2/*",
          "textureMapping": [
            "vegetable",
            "group10"
          ]
        },
        {
          "type": "item",
          "code": "expandedfoods:choppedvegetable-cassava",
          "shapeElement": "bowl/vegetable 2/*",
          "textureMapping": [
            "vegetable",
            "group11"
          ]
        },
        {
          "type": "item",
          "code": "expandedfoods:choppedvegetable-bellpepper",
          "shapeElement": "bowl/vegetable 2/*",
          "textureMapping": [
            "fruit",
            "group8"
          ]
        },
        {
          "type": "item",
          "code": "expandedfoods:choppedvegetable-cattailroot",
          "shapeElement": "bowl/vegetable 2/*",
          "textureMapping": [
            "vegetable",
            "group11"
          ]
        },
        {
          "type": "item",
          "code": "expandedfoods:choppedvegetable-papyrusroot",
          "shapeElement": "bowl/vegetable 2/*",
          "textureMapping": [
            "vegetable",
            "group11"
          ]
        },
        {
          "type": "item",
          "code": "expandedfoods:choppedmushroom-almondmushroom",
          "shapeElement": "bowl/vegetable 2/*",
          "textureMapping": [
            "vegetable",
            "group3"
          ]
        },
        {
          "type": "item",
          "code": "expandedfoods:choppedmushroom-beardedtooth",
          "shapeElement": "bowl/vegetable 2/*",
          "textureMapping": [
            "vegetable",
            "group7"
          ]
        },
        {
          "type": "item",
          "code": "expandedfoods:choppedmushroom-bitterbolete",
          "shapeElement": "bowl/vegetable 2/*",
          "textureMapping": [
            "vegetable",
            "group3"
          ]
        },
        {
          "type": "item",
          "code": "expandedfoods:choppedmushroom-blacktrumpet",
          "shapeElement": "bowl/vegetable 2/*",
          "textureMapping": [
            "vegetable",
            "group3"
          ]
        },
        {
          "type": "item",
          "code": "expandedfoods:choppedmushroom-chanterelle",
          "shapeElement": "bowl/vegetable 2/*",
          "textureMapping": [
            "vegetable",
            "group3"
          ]
        },
        {
          "type": "item",
          "code": "expandedfoods:choppedmushroom-chickenofthewoods",
          "shapeElement": "bowl/vegetable 2/*",
          "textureMapping": [
            "vegetable",
            "group3"
          ]
        },
        {
          "type": "item",
          "code": "expandedfoods:choppedmushroom-commonmorel",
          "shapeElement": "bowl/vegetable 2/*",
          "textureMapping": [
            "vegetable",
            "group3"
          ]
        },
        {
          "type": "item",
          "code": "expandedfoods:choppedmushroom-deathcap",
          "shapeElement": "bowl/vegetable 2/*",
          "textureMapping": [
            "vegetable",
            "group7"
          ]
        },
        {
          "type": "item",
          "code": "expandedfoods:choppedmushroom-deerear",
          "shapeElement": "bowl/vegetable 2/*",
          "textureMapping": [
            "vegetable",
            "group7"
          ]
        },
        {
          "type": "item",
          "code": "expandedfoods:choppedmushroom-devilbolete",
          "shapeElement": "bowl/vegetable 2/*",
          "textureMapping": [
            "vegetable",
            "group3"
          ]
        },
        {
          "type": "item",
          "code": "expandedfoods:choppedmushroom-devilstooth",
          "shapeElement": "bowl/vegetable 2/*",
          "textureMapping": [
            "vegetable",
            "group3"
          ]
        },
        {
          "type": "item",
          "code": "expandedfoods:choppedmushroom-dryadsaddle",
          "shapeElement": "bowl/vegetable 2/*",
          "textureMapping": [
            "vegetable",
            "group3"
          ]
        },
        {
          "type": "item",
          "code": "expandedfoods:choppedmushroom-earthball",
          "shapeElement": "bowl/vegetable 2/*",
          "textureMapping": [
            "vegetable",
            "group7"
          ]
        },
        {
          "type": "item",
          "code": "expandedfoods:choppedmushroom-elfinsaddle",
          "shapeElement": "bowl/vegetable 2/*",
          "textureMapping": [
            "vegetable",
            "group3"
          ]
        },
        {
          "type": "item",
          "code": "expandedfoods:choppedmushroom-flyagaric",
          "shapeElement": "bowl/vegetable 2/*",
          "textureMapping": [
            "vegetable",
            "group2"
          ]
        },
        {
          "type": "item",
          "code": "expandedfoods:choppedmushroom-fieldmushroom",
          "shapeElement": "bowl/vegetable 2/*",
          "textureMapping": [
            "vegetable",
            "group7"
          ]
        },
        {
          "type": "item",
          "code": "expandedfoods:choppedmushroom-funeralbell",
          "shapeElement": "bowl/vegetable 2/*",
          "textureMapping": [
            "vegetable",
            "group7"
          ]
        },
        {
          "type": "item",
          "code": "expandedfoods:choppedmushroom-golddropmilkcap",
          "shapeElement": "bowl/vegetable 2/*",
          "textureMapping": [
            "vegetable",
            "group3"
          ]
        },
        {
          "type": "item",
          "code": "expandedfoods:choppedmushroom-greencrackedrussula",
          "shapeElement": "bowl/vegetable 2/*",
          "textureMapping": [
            "vegetable",
            "group3"
          ]
        },
        {
          "type": "item",
          "code": "expandedfoods:choppedmushroom-indigomilkcap",
          "shapeElement": "bowl/vegetable 2/*",
          "textureMapping": [
            "vegetable",
            "group3"
          ]
        },
        {
          "type": "item",
          "code": "expandedfoods:choppedmushroom-jackolantern",
          "shapeElement": "bowl/vegetable 2/*",
          "textureMapping": [
            "vegetable",
            "group3"
          ]
        },
        {
          "type": "item",
          "code": "expandedfoods:choppedmushroom-kingbolete",
          "shapeElement": "bowl/vegetable 2/*",
          "textureMapping": [
            "vegetable",
            "group3"
          ]
        },
        {
          "type": "item",
          "code": "expandedfoods:choppedmushroom-livermushroom",
          "shapeElement": "bowl/vegetable 2/*",
          "textureMapping": [
            "vegetable",
            "group7"
          ]
        },
        {
          "type": "item",
          "code": "expandedfoods:choppedmushroom-lobster",
          "shapeElement": "bowl/vegetable 2/*",
          "textureMapping": [
            "vegetable",
            "group3"
          ]
        },
        {
          "type": "item",
          "code": "expandedfoods:choppedmushroom-orangeoakbolete",
          "shapeElement": "bowl/vegetable 2/*",
          "textureMapping": [
            "vegetable",
            "group3"
          ]
        },
        {
          "type": "item",
          "code": "expandedfoods:choppedmushroom-paddystraw",
          "shapeElement": "bowl/vegetable 2/*",
          "textureMapping": [
            "vegetable",
            "group7"
          ]
        },
        {
          "type": "item",
          "code": "expandedfoods:choppedmushroom-pinkbonnet",
          "shapeElement": "bowl/vegetable 2/*",
          "textureMapping": [
            "vegetable",
            "group7"
          ]
        },
        {
          "type": "item",
          "code": "expandedfoods:choppedmushroom-pinkoyster",
          "shapeElement": "bowl/vegetable 2/*",
          "textureMapping": [
            "vegetable",
            "group7"
          ]
        },
        {
          "type": "item",
          "code": "expandedfoods:choppedmushroom-puffball",
          "shapeElement": "bowl/vegetable 2/*",
          "textureMapping": [
            "vegetable",
            "group7"
          ]
        },
        {
          "type": "item",
          "code": "expandedfoods:choppedmushroom-redwinecap",
          "shapeElement": "bowl/vegetable 2/*",
          "textureMapping": [
            "vegetable",
            "group3"
          ]
        },
        {
          "type": "item",
          "code": "expandedfoods:choppedmushroom-reishi",
          "shapeElement": "bowl/vegetable 2/*",
          "textureMapping": [
            "vegetable",
            "group7"
          ]
        },
        {
          "type": "item",
          "code": "expandedfoods:choppedmushroom-saffronmilkcap",
          "shapeElement": "bowl/vegetable 2/*",
          "textureMapping": [
            "vegetable",
            "group3"
          ]
        },
        {
          "type": "item",
          "code": "expandedfoods:choppedmushroom-shiitake",
          "shapeElement": "bowl/vegetable 2/*",
          "textureMapping": [
            "vegetable",
            "group7"
          ]
        },
        {
          "type": "item",
          "code": "expandedfoods:choppedmushroom-tinderhoof",
          "shapeElement": "bowl/vegetable 2/*",
          "textureMapping": [
            "vegetable",
            "group7"
          ]
        },
        {
          "type": "item",
          "code": "expandedfoods:choppedmushroom-violetwebcap",
          "shapeElement": "bowl/vegetable 2/*",
          "textureMapping": [
            "vegetable",
            "group3"
          ]
        },
        {
          "type": "item",
          "code": "expandedfoods:choppedmushroom-whiteoyster",
          "shapeElement": "bowl/vegetable 2/*",
          "textureMapping": [
            "vegetable",
            "group7"
          ]
        },
        {
          "type": "item",
          "code": "expandedfoods:choppedmushroom-witchhat",
          "shapeElement": "bowl/vegetable 2/*",
          "textureMapping": [
            "vegetable",
            "group7"
          ]
        }
      ],
      "minQuantity": 0,
      "maxQuantity": 1
    },
    {
      "code": "game:egg-extra",
      "validStacks": [
        {
          "type": "item",
          "code": "game:egg-chicken-boiled",
          "shapeElement": "bowl/egg/*"
        },
        {
          "type": "item",
          "code": "game:egg-chicken-pickled",
          "shapeElement": "bowl/egg/*"
        }
      ],
      "minQuantity": 0,
      "maxQuantity": 1
    },
    {
      "code": "game:protein-extra",
      "validStacks": [
        {
          "type": "item",
          "code": "game:redmeat-raw",
          "shapeElement": "bowl/red meat/*",
          "textureMapping": [
            "meat",
            "group2"
          ]
        },
        {
          "type": "item",
          "code": "game:redmeat-cured",
          "shapeElement": "bowl/red meat/*",
          "textureMapping": [
            "meat",
            "group2"
          ]
        },
        {
          "type": "item",
          "code": "game:bushmeat-raw",
          "shapeElement": "bowl/red meat/*",
          "textureMapping": [
            "meat",
            "group7"
          ]
        },
        {
          "type": "item",
          "code": "game:bushmeat-cured",
          "shapeElement": "bowl/red meat/*",
          "textureMapping": [
            "meat",
            "group7"
          ]
        },
        {
          "type": "item",
          "code": "game:egg-chicken-boiled",
          "shapeElement": "bowl/egg2/*"
        },
        {
          "type": "item",
          "code": "game:egg-chicken-pickled",
          "shapeElement": "bowl/egg2/*"
        },
        {
          "type": "item",
          "code": "game:poultry-raw",
          "shapeElement": "bowl/poultry/*",
          "textureMapping": [
            "meat",
            "group3"
          ]
        },
        {
          "type": "item",
          "code": "game:poultry-cured",
          "shapeElement": "bowl/poultry/*",
          "textureMapping": [
            "meat",
            "group3"
          ]
        },
        {
          "type": "item",
          "code": "game:fish-raw",
          "shapeElement": "bowl/fish/*",
          "textureMapping": [
            "normal",
            "group1"
          ]
        },
        {
          "type": "item",
          "code": "game:fish-cured",
          "shapeElement": "bowl/fish/*",
          "textureMapping": [
            "normal",
            "group1"
          ]
        },
        {
          "type": "item",
          "code": "game:fish-smoked",
          "shapeElement": "bowl/fish/*",
          "textureMapping": [
            "normal",
            "group1"
          ]
        },
        {
          "type": "item",
          "code": "game:fish-cured-smoked",
          "shapeElement": "bowl/fish/*",
          "textureMapping": [
            "normal",
            "group1"
          ]
        },
        {
          "type": "item",
          "code": "expandedfoods:meatnugget-bushmeat-raw",
          "shapeElement": "bowl/meatnugget 1/*",
          "textureMapping": [
            "meatnugget",
            "bushmeat-raw"
          ]
        },
        {
          "type": "item",
          "code": "expandedfoods:meatnugget-redmeat-raw",
          "shapeElement": "bowl/meatnugget 1/*",
          "textureMapping": [
            "meatnugget",
            "redmeat-raw"
          ]
        },
        {
          "type": "item",
          "code": "expandedfoods:meatnugget-poultry-raw",
          "shapeElement": "bowl/meatnugget 1/*",
          "textureMapping": [
            "meatnugget",
            "poultry-raw"
          ]
        },
        {
          "type": "item",
          "code": "expandedfoods:fishnugget-raw",
          "shapeElement": "bowl/meatnugget 1/*",
          "textureMapping": [
            "meatnugget",
            "fishfillet-raw"
          ]
        },
        {
          "type": "item",
          "code": "expandedfoods:fishnugget-curedchopped",
          "shapeElement": "bowl/meatnugget 1/*",
          "textureMapping": [
            "meatnugget",
            "fishfillet-raw"
          ]
        },
        {
          "type": "item",
          "code": "expandedfoods:meatnugget-bushmeat-smashed",
          "shapeElement": "bowl/red meat/*",
          "textureMapping": [
            "meat",
            "group7"
          ]
        },
        {
          "type": "item",
          "code": "expandedfoods:meatnugget-redmeat-smashed",
          "shapeElement": "bowl/red meat/*",
          "textureMapping": [
            "meat",
            "group2"
          ]
        },
        {
          "type": "item",
          "code": "expandedfoods:meatnugget-poultry-smashed",
          "shapeElement": "bowl/poultry/*",
          "textureMapping": [
            "meat",
            "group3"
          ]
        },
        {
          "type": "item",
          "code": "expandedfoods:fishnugget-smashed",
          "shapeElement": "bowl/fish/*",
          "textureMapping": [
            "normal",
            "group1"
          ]
        },
        {
          "type": "item",
          "code": "expandedfoods:fishnugget-curedsmashed",
          "shapeElement": "bowl/fish/*",
          "textureMapping": [
            "normal",
            "group1"
          ]
        },
        {
          "type": "item",
          "code": "expandedfoods:sausage-bushmeat-raw",
          "shapeElement": "bowl/meatnugget 1/*",
          "textureMapping": [
            "meatnugget",
            "bushmeat-raw"
          ]
        },
        {
          "type": "item",
          "code": "expandedfoods:sausage-bushmeat-dried",
          "shapeElement": "bowl/meatnugget 1/*",
          "textureMapping": [
            "meatnugget",
            "bushmeat-raw"
          ]
        },
        {
          "type": "item",
          "code": "expandedfoods:sausage-bushmeat-curing",
          "shapeElement": "bowl/meatnugget 1/*",
          "textureMapping": [
            "meatnugget",
            "bushmeat-raw"
          ]
        },
        {
          "type": "item",
          "code": "expandedfoods:sausage-bushmeat-cured",
          "shapeElement": "bowl/meatnugget 1/*",
          "textureMapping": [
            "meatnugget",
            "bushmeat-raw"
          ]
        },
        {
          "type": "item",
          "code": "expandedfoods:sausage-bushmeatcheese-raw",
          "shapeElement": "bowl/meatnugget 1/*",
          "textureMapping": [
            "meatnugget",
            "bushmeat-raw"
          ]
        },
        {
          "type": "item",
          "code": "expandedfoods:sausage-bushmeatcheese-dried",
          "shapeElement": "bowl/meatnugget 1/*",
          "textureMapping": [
            "meatnugget",
            "bushmeat-raw"
          ]
        },
        {
          "type": "item",
          "code": "expandedfoods:sausage-bushmeatcheese-curing",
          "shapeElement": "bowl/meatnugget 1/*",
          "textureMapping": [
            "meatnugget",
            "bushmeat-raw"
          ]
        },
        {
          "type": "item",
          "code": "expandedfoods:sausage-bushmeatcheese-cured",
          "shapeElement": "bowl/meatnugget 1/*",
          "textureMapping": [
            "meatnugget",
            "bushmeat-raw"
          ]
        },
        {
          "type": "item",
          "code": "expandedfoods:sausage-poultry-raw",
          "shapeElement": "bowl/meatnugget 1/*",
          "textureMapping": [
            "meatnugget",
            "poultry-raw"
          ]
        },
        {
          "type": "item",
          "code": "expandedfoods:sausage-poultry-dried",
          "shapeElement": "bowl/meatnugget 1/*",
          "textureMapping": [
            "meatnugget",
            "poultry-raw"
          ]
        },
        {
          "type": "item",
          "code": "expandedfoods:sausage-poultry-curing",
          "shapeElement": "bowl/meatnugget 1/*",
          "textureMapping": [
            "meatnugget",
            "poultry-raw"
          ]
        },
        {
          "type": "item",
          "code": "expandedfoods:sausage-poultry-cured",
          "shapeElement": "bowl/meatnugget 1/*",
          "textureMapping": [
            "meatnugget",
            "poultry-raw"
          ]
        },
        {
          "type": "item",
          "code": "expandedfoods:sausage-poultrycheese-raw",
          "shapeElement": "bowl/meatnugget 1/*",
          "textureMapping": [
            "meatnugget",
            "poultry-raw"
          ]
        },
        {
          "type": "item",
          "code": "expandedfoods:sausage-poultrycheese-dried",
          "shapeElement": "bowl/meatnugget 1/*",
          "textureMapping": [
            "meatnugget",
            "poultry-raw"
          ]
        },
        {
          "type": "item",
          "code": "expandedfoods:sausage-poultrycheese-curing",
          "shapeElement": "bowl/meatnugget 1/*",
          "textureMapping": [
            "meatnugget",
            "poultry-raw"
          ]
        },
        {
          "type": "item",
          "code": "expandedfoods:sausage-poultrycheese-cured",
          "shapeElement": "bowl/meatnugget 1/*",
          "textureMapping": [
            "meatnugget",
            "poultry-raw"
          ]
        },
        {
          "type": "item",
          "code": "expandedfoods:sausage-redmeat-raw",
          "shapeElement": "bowl/meatnugget 1/*",
          "textureMapping": [
            "meatnugget",
            "redmeat-raw"
          ]
        },
        {
          "type": "item",
          "code": "expandedfoods:sausage-redmeat-dried",
          "shapeElement": "bowl/meatnugget 1/*",
          "textureMapping": [
            "meatnugget",
            "redmeat-raw"
          ]
        },
        {
          "type": "item",
          "code": "expandedfoods:sausage-redmeat-curing",
          "shapeElement": "bowl/meatnugget 1/*",
          "textureMapping": [
            "meatnugget",
            "redmeat-raw"
          ]
        },
        {
          "type": "item",
          "code": "expandedfoods:sausage-redmeat-cured",
          "shapeElement": "bowl/meatnugget 1/*",
          "textureMapping": [
            "meatnugget",
            "redmeat-raw"
          ]
        },
        {
          "type": "item",
          "code": "expandedfoods:sausage-redmeatcheese-raw",
          "shapeElement": "bowl/meatnugget 1/*",
          "textureMapping": [
            "meatnugget",
            "redmeat-raw"
          ]
        },
        {
          "type": "item",
          "code": "expandedfoods:sausage-redmeatcheese-dried",
          "shapeElement": "bowl/meatnugget 1/*",
          "textureMapping": [
            "meatnugget",
            "redmeat-raw"
          ]
        },
        {
          "type": "item",
          "code": "expandedfoods:sausage-redmeatcheese-curing",
          "shapeElement": "bowl/meatnugget 1/*",
          "textureMapping": [
            "meatnugget",
            "redmeat-raw"
          ]
        },
        {
          "type": "item",
          "code": "expandedfoods:sausage-redmeatcheese-cured",
          "shapeElement": "bowl/meatnugget 1/*",
          "textureMapping": [
            "meatnugget",
            "redmeat-raw"
          ]
        },
        {
          "type": "item",
          "code": "expandedfoods:sausagefish-normal-raw",
          "shapeElement": "bowl/meatnugget 1/*",
          "textureMapping": [
            "meatnugget",
            "poultry-raw"
          ]
        },
        {
          "type": "item",
          "code": "expandedfoods:sausagefish-normal-dried",
          "shapeElement": "bowl/meatnugget 1/*",
          "textureMapping": [
            "meatnugget",
            "poultry-raw"
          ]
        },
        {
          "type": "item",
          "code": "expandedfoods:sausagefish-normal-curing",
          "shapeElement": "bowl/meatnugget 1/*",
          "textureMapping": [
            "meatnugget",
            "poultry-raw"
          ]
        },
        {
          "type": "item",
          "code": "expandedfoods:sausagefish-normal-cured",
          "shapeElement": "bowl/meatnugget 1/*",
          "textureMapping": [
            "meatnugget",
            "poultry-raw"
          ]
        },
        {
          "type": "item",
          "code": "expandedfoods:sausagefish-cheese-raw",
          "shapeElement": "bowl/meatnugget 1/*",
          "textureMapping": [
            "meatnugget",
            "poultry-raw"
          ]
        },
        {
          "type": "item",
          "code": "expandedfoods:sausagefish-cheese-dried",
          "shapeElement": "bowl/meatnugget 1/*",
          "textureMapping": [
            "meatnugget",
            "poultry-raw"
          ]
        },
        {
          "type": "item",
          "code": "expandedfoods:sausagefish-cheese-curing",
          "shapeElement": "bowl/meatnugget 1/*",
          "textureMapping": [
            "meatnugget",
            "poultry-raw"
          ]
        },
        {
          "type": "item",
          "code": "expandedfoods:sausagefish-cheese-cured",
          "shapeElement": "bowl/meatnugget 1/*",
          "textureMapping": [
            "meatnugget",
            "poultry-raw"
          ]
        },
        {
          "type": "item",
          "code": "expandedfoods:meatnugget-bushmeat-cured",
          "shapeElement": "bowl/meatnugget 2/*",
          "textureMapping": [
            "meatnugget",
            "bushmeat-raw"
          ]
        },
        {
          "type": "item",
          "code": "expandedfoods:meatnugget-redmeat-cured",
          "shapeElement": "bowl/meatnugget 2/*",
          "textureMapping": [
            "meatnugget",
            "redmeat-raw"
          ]
        },
        {
          "type": "item",
          "code": "expandedfoods:meatnugget-poultry-cured",
          "shapeElement": "bowl/meatnugget 2/*",
          "textureMapping": [
            "meatnugget",
            "poultry-raw"
          ]
        },
        {
          "type": "item",
          "code": "expandedfoods:agedmeat-bushmeat-cut",
          "shapeElement": "bowl/red meat 2/*",
          "textureMapping": [
            "meat",
            "group8"
          ]
        },
        {
          "type": "item",
          "code": "expandedfoods:agedmeat-redmeat-cut",
          "shapeElement": "bowl/red meat 2/*",
          "textureMapping": [
            "meat",
            "group6"
          ]
        },
        {
          "type": "item",
          "code": "expandedfoods:agedmeat-poultry-cut",
          "shapeElement": "bowl/poultry 2/*",
          "textureMapping": [
            "meat",
            "group5"
          ]
        },
        {
          "type": "item",
          "code": "expandedfoods:agedmeat-bushmeat-raw",
          "shapeElement": "bowl/meatnugget 2/*",
          "textureMapping": [
            "meatnugget",
            "bushmeat-raw"
          ]
        },
        {
          "type": "item",
          "code": "expandedfoods:agedmeat-redmeat-raw",
          "shapeElement": "bowl/meatnugget 2/*",
          "textureMapping": [
            "meatnugget",
            "redmeat-raw"
          ]
        },
        {
          "type": "item",
          "code": "expandedfoods:agedmeat-poultry-raw",
          "shapeElement": "bowl/meatnugget 2/*",
          "textureMapping": [
            "meatnugget",
            "poultry-raw"
          ]
        }
      ],
      "minQuantity": 0,
      "maxQuantity": 1
    },
    {
      "code": "game:meat-extra",
      "validStacks": [
        {
          "type": "item",
          "code": "game:redmeat-raw",
          "shapeElement": "bowl/red meat 2/*",
          "textureMapping": [
            "meat",
            "group2"
          ]
        },
        {
          "type": "item",
          "code": "game:redmeat-cured",
          "shapeElement": "bowl/red meat 2/*",
          "textureMapping": [
            "meat",
            "group2"
          ]
        },
        {
          "type": "item",
          "code": "game:bushmeat-raw",
          "shapeElement": "bowl/red meat/*",
          "textureMapping": [
            "meat",
            "group7"
          ]
        },
        {
          "type": "item",
          "code": "game:bushmeat-cured",
          "shapeElement": "bowl/red meat/*",
          "textureMapping": [
            "meat",
            "group7"
          ]
        },
        {
          "type": "item",
          "code": "game:poultry-raw",
          "shapeElement": "bowl/poultry 2/*",
          "textureMapping": [
            "meat",
            "group3"
          ]
        },
        {
          "type": "item",
          "code": "game:poultry-cured",
          "shapeElement": "bowl/poultry 2/*",
          "textureMapping": [
            "meat",
            "group3"
          ]
        },
        {
          "type": "item",
          "code": "game:fish-raw",
          "shapeElement": "bowl/fish 2/*",
          "textureMapping": [
            "normal",
            "group1"
          ]
        },
        {
          "type": "item",
          "code": "game:fish-cured",
          "shapeElement": "bowl/fish 2/*",
          "textureMapping": [
            "normal",
            "group1"
          ]
        },
        {
          "type": "item",
          "code": "game:fish-smoked",
          "shapeElement": "bowl/fish 2/*",
          "textureMapping": [
            "normal",
            "group1"
          ]
        },
        {
          "type": "item",
          "code": "game:fish-cured-smoked",
          "shapeElement": "bowl/fish 2/*",
          "textureMapping": [
            "normal",
            "group1"
          ]
        },
        {
          "type": "item",
          "code": "expandedfoods:meatnugget-bushmeat-raw",
          "shapeElement": "bowl/meatnugget 2/*",
          "textureMapping": [
            "meatnugget",
            "bushmeat-raw"
          ]
        },
        {
          "type": "item",
          "code": "expandedfoods:meatnugget-redmeat-raw",
          "shapeElement": "bowl/meatnugget 2/*",
          "textureMapping": [
            "meatnugget",
            "redmeat-raw"
          ]
        },
        {
          "type": "item",
          "code": "expandedfoods:meatnugget-poultry-raw",
          "shapeElement": "bowl/meatnugget 2/*",
          "textureMapping": [
            "meatnugget",
            "poultry-raw"
          ]
        },
        {
          "type": "item",
          "code": "expandedfoods:fishnugget-raw",
          "shapeElement": "bowl/meatnugget 2/*",
          "textureMapping": [
            "meatnugget",
            "fishfillet-raw"
          ]
        },
        {
          "type": "item",
          "code": "expandedfoods:fishnugget-curedchopped",
          "shapeElement": "bowl/meatnugget 2/*",
          "textureMapping": [
            "meatnugget",
            "fishfillet-raw"
          ]
        },
        {
          "type": "item",
          "code": "expandedfoods:meatnugget-bushmeat-smashed",
          "shapeElement": "bowl/red meat 2/*",
          "textureMapping": [
            "meat",
            "group7"
          ]
        },
        {
          "type": "item",
          "code": "expandedfoods:meatnugget-redmeat-smashed",
          "shapeElement": "bowl/red meat 2/*",
          "textureMapping": [
            "meat",
            "group2"
          ]
        },
        {
          "type": "item",
          "code": "expandedfoods:meatnugget-poultry-smashed",
          "shapeElement": "bowl/poultry 2/*",
          "textureMapping": [
            "meat",
            "group3"
          ]
        },
        {
          "type": "item",
          "code": "expandedfoods:fishnugget-smashed",
          "shapeElement": "bowl/fish 2/*",
          "textureMapping": [
            "normal",
            "group1"
          ]
        },
        {
          "type": "item",
          "code": "expandedfoods:fishnugget-curedsmashed",
          "shapeElement": "bowl/fish 2/*",
          "textureMapping": [
            "normal",
            "group1"
          ]
        }
      ],
      "minQuantity": 0,
      "maxQuantity": 1
    },
    {
      "code": "game:cheese-extra1",
      "validStacks": [
        {
          "type": "item",
          "code": "game:cheese-cheddar-1slice",
          "shapeElement": "bowl/cheese1/*",
          "textureMapping": [
            "cheesebase",
            "cheese-cheddar-1slice"
          ]
        },
        {
          "type": "item",
          "code": "game:cheese-blue-1slice",
          "shapeElement": "bowl/cheese1/*",
          "textureMapping": [
            "cheesebase",
            "cheese-blue-1slice"
          ]
        }
      ],
      "minQuantity": 0,
      "maxQuantity": 1
    },
    {
      "code": "game:cheese-extra2",
      "validStacks": [
        {
          "type": "item",
          "code": "game:cheese-cheddar-1slice",
          "shapeElement": "bowl/cheese2/*",
          "textureMapping": [
            "cheesebase",
            "cheese-cheddar-1slice"
          ]
        },
        {
          "type": "item",
          "code": "game:cheese-blue-1slice",
          "shapeElement": "bowl/cheese2/*",
          "textureMapping": [
            "cheesebase",
            "cheese-blue-1slice"
          ]
        }
      ],
      "minQuantity": 0,
      "maxQuantity": 1
    },
    {
      "code": "game:topping-sauce",
      "validStacks": [
        {
          "type": "item",
          "code": "expandedfoods:fishsauce",
          "shapeElement": "bowl/topping/*",
          "textureMapping": [
            "topping",
            "fishsauce"
          ]
        },
        {
          "type": "item",
          "code": "expandedfoods:soysauce",
          "shapeElement": "bowl/topping/*",
          "textureMapping": [
            "topping",
            "fishsauce"
          ]
        },
        {
          "type": "item",
          "code": "expandedfoods:foodoilportion-*",
          "shapeElement": "bowl/topping/*",
          "textureMapping": [
            "topping",
            "foodoil"
          ]
        },
        {
          "type": "item",
          "code": "expandedfoods:lard",
          "shapeElement": "bowl/topping/*",
          "textureMapping": [
            "topping",
            "lard"
          ]
        },
        {
          "type": "item",
          "code": "game:cottagecheeseportion",
          "shapeElement": "bowl/cheese1/*",
          "textureMapping": [
            "cheesebase",
            "cottagecheesemelt"
          ]
        }
      ],
      "minQuantity": 0,
      "maxQuantity": 1,
      "portionSizeLitres": 0.1
    },
    {
      "code": "game:nuts-extra1",
      "validStacks": [
        {
          "type": "item",
          "code": "game:legume-peanut",
          "shapeElement": "bowl/nuts 1/*",
          "textureMapping": [
            "acorns",
            "peanut"
          ]
        },
        {
          "type": "item",
          "code": "expandedfoods:peanut-cooked",
          "shapeElement": "bowl/nuts 1/*",
          "textureMapping": [
            "acorns",
            "peanut"
          ]
        },
        {
          "type": "item",
          "code": "expandedfoods:peanut-kernels",
          "shapeElement": "bowl/nuts 1/*",
          "textureMapping": [
            "acorns",
            "peanut"
          ]
        }
      ],
      "minQuantity": 0,
      "maxQuantity": 1
    },
    {
      "code": "game:nuts-extra2",
      "validStacks": [
        {
          "type": "item",
          "code": "game:legume-peanut",
          "shapeElement": "bowl/nuts 2/*",
          "textureMapping": [
            "acorns",
            "peanut"
          ]
        },
        {
          "type": "item",
          "code": "expandedfoods:peanut-cooked",
          "shapeElement": "bowl/nuts 2/*",
          "textureMapping": [
            "acorns",
            "peanut"
          ]
        },
        {
          "type": "item",
          "code": "expandedfoods:peanut-kernels",
          "shapeElement": "bowl/nuts 2/*",
          "textureMapping": [
            "acorns",
            "peanut"
          ]
        }
      ],
      "minQuantity": 0,
      "maxQuantity": 1
    },
    {
      "code": "game:salt",
      "validStacks": [
        {
          "type": "item",
          "code": "game:salt"
        }
      ],
      "minQuantity": 0,
      "maxQuantity": 1
    }
  ]
}
