[
    {
        "Ingredients": [
            {
                "type": "item",
                "code": "hydrateordiedrate:boiledwaterportion",
                "quantity": 50
            },
            {
                "type": "item",
                "code": "ancienttools:saltedmeat-*-raw",
                "quantity": 1,
                "name": "meat"
            }
        ],
        "Simmering": {
            "meltingPoint": 200,
            "meltingDuration": 110,
            "smeltedRatio": 1,
            "smeltingType": "bake",
            "smeltedStack": {
                "type": "item",
                "code": "ancienttools:saltedmeat-{meat}-cooked",
                "quantity": 1
            },
            "requiresContainer": false
        }
    }
]