[
  {
    "code": "spelt",
    "sealHours": 336,
    "ingredients": [
      {
        "type": "item",
        "code": "hydrateordiedrate:rainwaterportion",
        "litres": 1
      },
      {
        "type": "item",
        "code": "game:flour-spelt",
        "quantity": 1
      }
    ],
    "output": {
      "type": "item",
      "code": "game:ciderportion-spelt",
      "litres": 0.2
    }
  },
  {
    "code": "rice",
    "sealHours": 336,
    "ingredients": [
      {
        "type": "item",
        "code": "hydrateordiedrate:rainwaterportion",
        "litres": 1
      },
      {
        "type": "item",
        "code": "game:flour-rice",
        "quantity": 1
      }
    ],
    "output": {
      "type": "item",
      "code": "game:ciderportion-rice",
      "litres": 0.2
    }
  },
  {
    "code": "rye",
    "sealHours": 336,
    "ingredients": [
      {
        "type": "item",
        "code": "hydrateordiedrate:rainwaterportion",
        "litres": 1
      },
      {
        "type": "item",
        "code": "game:flour-rye",
        "quantity": 1
      }
    ],
    "output": {
      "type": "item",
      "code": "game:ciderportion-rye",
      "litres": 0.2
    }
  },
  {
    "code": "amaranth",
    "sealHours": 336,
    "ingredients": [
      {
        "type": "item",
        "code": "hydrateordiedrate:rainwaterportion",
        "litres": 1
      },
      {
        "type": "item",
        "code": "game:flour-amaranth",
        "quantity": 1
      }
    ],
    "output": {
      "type": "item",
      "code": "game:ciderportion-amaranth",
      "litres": 0.2
    }
  },
  {
    "code": "cassava",
    "sealHours": 336,
    "ingredients": [
      {
        "type": "item",
        "code": "hydrateordiedrate:rainwaterportion",
        "litres": 1
      },
      {
        "type": "item",
        "code": "game:flour-cassava",
        "quantity": 1
      }
    ],
    "output": {
      "type": "item",
      "code": "game:ciderportion-cassava",
      "litres": 0.2
    }
  }
]