﻿{
  "version": 1,
  "file": "hydrateordiedrate/HydrateOrDiedrateConfig.json",
  "patches": {},
  "settings": [
    {
      "type": "separator",
      "title": "Hydration Settings"
    },
    {
      "code": "MaxThirst",
      "comment": "Maximum thirst level for players.",
      "type": "float",
      "default": 1500.0,
      "range": {
        "min": 0.0,
        "max": 5000.0
      }
    },
    {
      "code": "ThirstDamage",
      "comment": "Damage taken per tick when player is thirsty.",
      "type": "float",
      "default": 1.0,
      "range": {
        "min": 0.0,
        "max": 10.0
      }
    },
    {
      "code": "MaxMovementSpeedPenalty",
      "comment": "Maximum movement speed penalty due to thirst.",
      "type": "float",
      "default": 0.3,
      "range": {
        "min": 0.0,
        "max": 1.0
      }
    },
    {
      "code": "ThirstDecayRate",
      "comment": "Rate at which thirst decays over time.",
      "type": "float",
      "default": 10.0,
      "range": {
        "min": 0.0,
        "max": 50.0
      }
    },
    {
      "code": "SprintThirstMultiplier",
      "comment": "Multiplier for thirst decay rate while sprinting.",
      "type": "float",
      "default": 1.5,
      "range": {
        "min": 1.0,
        "max": 5.0
      }
    },
    {
      "code": "MovementSpeedPenaltyThreshold",
      "comment": "Thirst level at which movement speed penalty begins.",
      "type": "float",
      "default": 600.0,
      "range": {
        "min": 0.0,
        "max": 1500.0
      }
    },
    {
      "code": "BoilingWaterDamage",
      "comment": "Damage taken from drinking boiling water.",
      "type": "float",
      "default": 5.0,
      "range": {
        "min": 0.0,
        "max": 10.0
      }
    },
    {
      "code": "EnableBoilingWaterDamage",
      "comment": "Enable or disable damage from boiling water.",
      "type": "boolean",
      "default": true
    },
    {
      "code": "TemperatureThreshold",
      "comment": "Temperature at which thirst increases more rapidly.",
      "type": "float",
      "default": 27.0,
      "range": {
        "min": 0.0,
        "max": 50.0
      }
    },
    {
      "code": "ThirstIncreasePerDegreeMultiplier",
      "comment": "Multiplier for thirst increase per degree above the temperature threshold.",
      "type": "float",
      "default": 5.0,
      "range": {
        "min": 0.0,
        "max": 20.0
      }
    },
    {
      "code": "HarshHeat",
      "comment": "Enable or disable harsh heat conditions.",
      "type": "boolean",
      "default": true
    },
    {
      "code": "HydrationLossDelayMultiplier",
      "comment": "Multiplier for delay before hydration loss begins.",
      "type": "float",
      "default": 0.05,
      "range": {
        "min": 0.0,
        "max": 1.0
      }
    },
    {
      "code": "EnableLiquidEncumbrance",
      "comment": "Enable or disable liquid encumbrance mechanics.",
      "type": "boolean",
      "default": true
    },
    {
      "code": "EncumbranceLimit",
      "comment": "Maximum encumbrance limit for liquid carrying.",
      "type": "float",
      "default": 4.0,
      "range": {
        "min": 0.0,
        "max": 10.0
      }
    },
    {
      "code": "LiquidEncumbranceMovementSpeedDebuff",
      "comment": "Movement speed debuff for carrying too much liquid.",
      "type": "float",
      "default": 0.4,
      "range": {
        "min": 0.0,
        "max": 1.0
      }
    },
    {
      "code": "EnableThirstMechanics",
      "comment": "Enable or disable thirst mechanics.",
      "type": "boolean",
      "default": true
    },
    {
      "type": "separator",
      "title": "Additional Settings"
    }
  ]
}
