{
	"editor": {
		"collapsedPaths": ",Root/Spindle1/Spindle2/Rope4,Root/Spindle1/Spindle2/Rope11,Root/Spindle/Spindle1/Rotator5,Root/Spindle1/Spindle2/Rope5,Root/Spindle1/Spindle2/Rope12,Root/Spindle1/Spindle2/Rope2,Root/Spindle1/Spindle2/Rope3,Root/Spindle1/Spindle2/Rope10,Root/Spindle1/Spindle2/Rope1,Root/Spindle/Spindle1,Root/Spindle1/Rotator,Root/Spindle1/Spindle2/Rope8,Root/Spindle1/Spindle2/Rope9,Root/Spindle1/Spindle2/Rope6,Root/Spindle1/Spindle2/Rope7,Root/Spindle,Root/Spindle/Spindle1/Rotator,Root/Spindle1/Spindle2/Rope,Root/Spindle1/Spindle2/Rope13,Root/Spindle1/Rotator4,Root/Spindle/Spindle1/Spindle2/Rope,Root/Spindle1/Spindle2/Rope14,Root/Spindle/Spindle1/Rotator4",
		"allAngles": false,
		"entityTextureMode": false
	},
	"textureWidth": 16,
	"textureHeight": 16,
	"textureSizes": {
		"rope": [32,32],
		"spindle": [16,16],
		"plank": [16,16]
	},
	"textures": {
		"spindle": "game:block/wood/debarked/oak",
		"plank": "game:block/wood/planks/oak1",
		"rope": "game:entity/erel/pristine/rope"
	},
	"elements": [
		{
			"name": "Base1",
			"from": [ -1.0, 0.0, 5.0 ],
			"to": [ 0.0, 16.0, 11.0 ],
			"rotationOrigin": [ -1.0, 0.0, 5.0 ],
			"faces": {
				"north": { "texture": "#plank", "uv": [ 0.0, 10.5, 16.0, 11.5 ], "rotation": 90 },
				"east": { "texture": "#plank", "uv": [ 0.0, 5.5, 16.0, 11.5 ], "rotation": 90 },
				"south": { "texture": "#plank", "uv": [ 0.0, 5.0, 16.0, 6.0 ], "rotation": 90 },
				"west": { "texture": "#plank", "uv": [ 0.0, 5.5, 16.0, 11.5 ], "rotation": 90 },
				"up": { "texture": "#plank", "uv": [ 6.5, 5.0, 12.5, 6.0 ], "rotation": 90 },
				"down": { "texture": "#plank", "uv": [ 6.5, 5.0, 12.5, 6.0 ], "rotation": 90 }
			}
		},
		{
			"name": "Base2",
			"from": [ 16.0, 0.0, 5.0 ],
			"to": [ 17.0, 16.0, 11.0 ],
			"rotationOrigin": [ 16.0, 0.0, 5.0 ],
			"faces": {
				"north": { "texture": "#plank", "uv": [ 0.0, 10.5, 16.0, 11.5 ], "rotation": 90 },
				"east": { "texture": "#plank", "uv": [ 0.0, 5.5, 16.0, 11.5 ], "rotation": 90 },
				"south": { "texture": "#plank", "uv": [ 0.0, 10.5, 16.0, 11.5 ], "rotation": 90 },
				"west": { "texture": "#plank", "uv": [ 0.0, 5.5, 16.0, 11.5 ], "rotation": 270 },
				"up": { "texture": "#plank", "uv": [ 4.5, 5.0, 10.5, 6.0 ], "rotation": 90 },
				"down": { "texture": "#plank", "uv": [ 6.0, 5.0, 12.0, 6.0 ], "rotation": 90 }
			}
		},
		{
			"name": "Base3",
			"from": [ -2.0, 14.0, 7.5 ],
			"to": [ 8.0, 15.0, 8.5 ],
			"rotationOrigin": [ -2.0, 14.0, 8.0 ],
			"faces": {
				"north": { "texture": "#plank", "uv": [ 5.5, 3.0, 15.5, 4.0 ] },
				"east": { "texture": "#plank", "uv": [ 0.0, 5.5, 1.0, 6.5 ], "rotation": 90 },
				"south": { "texture": "#plank", "uv": [ 0.0, 5.0, 10.0, 6.0 ] },
				"west": { "texture": "#plank", "uv": [ 0.0, 5.5, 1.0, 6.5 ], "rotation": 180 },
				"up": { "texture": "#plank", "uv": [ 0.0, 4.0, 10.0, 5.0 ] },
				"down": { "texture": "#plank", "uv": [ 0.0, 4.0, 10.0, 5.0 ] }
			}
		},
		{
			"name": "Base4",
			"from": [ 8.0, 14.0, 7.5 ],
			"to": [ 18.0, 15.0, 8.5 ],
			"rotationOrigin": [ 8.0, 14.0, 8.0 ],
			"faces": {
				"north": { "texture": "#plank", "uv": [ 3.5, 0.5, 13.5, 1.5 ] },
				"east": { "texture": "#plank", "uv": [ 0.0, 5.5, 1.0, 6.5 ], "rotation": 90 },
				"south": { "texture": "#plank", "uv": [ 3.0, 5.0, 13.0, 6.0 ] },
				"west": { "texture": "#plank", "uv": [ 0.0, 5.5, 1.0, 6.5 ], "rotation": 180 },
				"up": { "texture": "#plank", "uv": [ 0.0, 4.0, 10.0, 5.0 ] },
				"down": { "texture": "#plank", "uv": [ 0.0, 4.0, 10.0, 5.0 ] }
			}
		}
	],
	"animations": [
	]
}