[
  {
    "op": "addmerge",
    "path": "/attributes/distillationProps",
    "value": {
      "distilledStack": { "type": "item", "code": "hydrateordiedrate:distilledwaterportion" },
      "ratio": 0.9
    },
    "file": "game:itemtypes/liquid/boilingwaterportion.json",
    "side": "Server"
  },
  {
    "op": "addmerge",
    "path": "/attributes/waterTightContainerProps/nutritionPropsPerLitre",
    "value": {
      "satiety": 0,
      "foodcategory": "NoNutrition"
    },
    "file": "game:itemtypes/liquid/boilingwaterportion.json",
    "side": "Server"
  }
]