[
    {
        "code": "dye-gray",
        "sealHours": 8,
        "ingredients": [
            {
                "type": "item",
                "code": "hydrateordiedrate:boiledrainwaterportion",
                "litres": 4
            },
            {
                "type": "item",
                "code": "wildcraftfruit:fruit-fractureberry",
                "quantity": 4
            }
        ],
        "output": {
            "type": "item",
            "code": "game:dye-gray",
            "litres": 4
        }
    },
    {
        "code": "dye-black",
        "sealHours": 8,
        "ingredients": [
            {
                "type": "item",
                "code": "hydrateordiedrate:boiledrainwaterportion",
                "litres": 4
            },
            {
                "type": "item",
                "code": "wildcraftfruit:fruit-elderberry",
                "quantity": 4
            }
        ],
        "output": {
            "type": "item",
            "code": "game:dye-black",
            "litres": 4
        }
    },
    {
        "code": "dye-blue",
        "sealHours": 8,
        "ingredients": [
            {
                "type": "item",
                "code": "hydrateordiedrate:boiledrainwaterportion",
                "litres": 4
            },
            {
                "type": "item",
                "code": "wildcraftfruit:fruit-blueraspberry",
                "quantity": 4
            }
        ],
        "output": {
            "type": "item",
            "code": "game:dye-blue",
            "litres": 4
        }
    },
    {
        "code": "dye-blue",
        "sealHours": 8,
        "ingredients": [
            {
                "type": "item",
                "code": "hydrateordiedrate:boiledrainwaterportion",
                "litres": 4
            },
            {
                "type": "item",
                "code": "wildcraftfruit:fruit-flaxlily",
                "quantity": 4
            }
        ],
        "output": {
            "type": "item",
            "code": "game:dye-blue",
            "litres": 4
        }
    },
    {
        "code": "dye-purple",
        "sealHours": 8,
        "ingredients": [
            {
                "type": "item",
                "code": "hydrateordiedrate:boiledrainwaterportion",
                "litres": 4
            },
            {
                "type": "item",
                "code": "wildcraftfruit:fruit-honeysuckle",
                "quantity": 4
            }
        ],
        "output": {
            "type": "item",
            "code": "game:dye-purple",
            "litres": 4
        }
    },
    {
        "code": "dye-pink",
        "sealHours": 8,
        "ingredients": [
            {
                "type": "item",
                "code": "hydrateordiedrate:boiledrainwaterportion",
                "litres": 4
            },
            {
                "type": "item",
                "code": "wildcraftfruit:fruit-raspberry",
                "quantity": 4
            }
        ],
        "output": {
            "type": "item",
            "code": "game:dye-pink",
            "litres": 4
        }
    },
    {
        "code": "dye-red",
        "sealHours": 8,
        "ingredients": [
            {
                "type": "item",
                "code": "hydrateordiedrate:boiledrainwaterportion",
                "litres": 4
            },
            {
                "type": "item",
                "code": "wildcraftfruit:fruit-lingonberry",
                "quantity": 4
            }
        ],
        "output": {
            "type": "item",
            "code": "game:dye-red",
            "litres": 4
        }
    },
    {
        "code": "dye-orange",
        "sealHours": 8,
        "ingredients": [
            {
                "type": "item",
                "code": "hydrateordiedrate:boiledrainwaterportion",
                "litres": 4
            },
            {
                "type": "item",
                "code": "wildcraftfruit:fruit-hawthorn",
                "quantity": 6
            }
        ],
        "output": {
            "type": "item",
            "code": "game:dye-orange",
            "litres": 4
        }
    },
    {
        "code": "dye-yellow",
        "sealHours": 8,
        "ingredients": [
            {
                "type": "item",
                "code": "hydrateordiedrate:boiledrainwaterportion",
                "litres": 4
            },
            {
                "type": "item",
                "code": "wildcraftfruit:fruit-falseorange",
                "quantity": 4
            }
        ],
        "output": {
            "type": "item",
            "code": "game:dye-yellow",
            "litres": 4
        }
    },
    {
        "code": "dye-green",
        "sealHours": 8,
        "ingredients": [
            {
                "type": "item",
                "code": "hydrateordiedrate:boiledrainwaterportion",
                "litres": 4
            },
            {
                "type": "item",
                "code": "wildcraftfruit:fruit-gooseberry",
                "quantity": 4
            }
        ],
        "output": {
            "type": "item",
            "code": "game:dye-green",
            "litres": 4
        }
    }
]